"country","date","confirmed"
"Chuquisaca",2020-03-10,0
"Chuquisaca",2020-03-11,0
"Chuquisaca",2020-03-12,0
"Chuquisaca",2020-03-13,0
"Chuquisaca",2020-03-14,0
"Chuquisaca",2020-03-15,0
"Chuquisaca",2020-03-16,0
"Chuquisaca",2020-03-17,0
"Chuquisaca",2020-03-18,0
"Chuquisaca",2020-03-19,0
"Chuquisaca",2020-03-20,0
"Chuquisaca",2020-03-21,0
"Chuquisaca",2020-03-22,0
"Chuquisaca",2020-03-23,0
"Chuquisaca",2020-03-24,0
"Chuquisaca",2020-03-25,0
"Chuquisaca",2020-03-26,0
"Chuquisaca",2020-03-27,1
"Chuquisaca",2020-03-28,1
"Chuquisaca",2020-03-29,1
"Chuquisaca",2020-03-30,1
"Chuquisaca",2020-03-31,1
"Chuquisaca",2020-04-01,1
"Chuquisaca",2020-04-02,1
"Chuquisaca",2020-04-03,1
"Chuquisaca",2020-04-04,1
"Chuquisaca",2020-04-05,1
"Chuquisaca",2020-04-06,1
"Chuquisaca",2020-04-07,1
"Chuquisaca",2020-04-08,1
"Chuquisaca",2020-04-09,1
"Chuquisaca",2020-04-10,1
"Chuquisaca",2020-04-11,1
"Chuquisaca",2020-04-12,1
"Chuquisaca",2020-04-13,1
"Chuquisaca",2020-04-14,1
"Chuquisaca",2020-04-15,1
"Chuquisaca",2020-04-16,1
"Chuquisaca",2020-04-17,1
"Chuquisaca",2020-04-18,1
"Chuquisaca",2020-04-19,1
"Chuquisaca",2020-04-20,1
"Chuquisaca",2020-04-21,1
"Chuquisaca",2020-04-22,1
"Chuquisaca",2020-04-23,2
"Chuquisaca",2020-04-24,2
"Chuquisaca",2020-04-25,2
"Chuquisaca",2020-04-26,2
"Chuquisaca",2020-04-27,3
"Chuquisaca",2020-04-28,3
"Chuquisaca",2020-04-29,3
"Chuquisaca",2020-04-30,3
"Chuquisaca",2020-05-01,4
"Chuquisaca",2020-05-02,4
"Chuquisaca",2020-05-03,4
"Chuquisaca",2020-05-04,5
"Chuquisaca",2020-05-05,6
"Chuquisaca",2020-05-06,6
"Chuquisaca",2020-05-07,11
"Chuquisaca",2020-05-08,11
"Chuquisaca",2020-05-09,14
"Chuquisaca",2020-05-10,15
"Chuquisaca",2020-05-11,15
"Chuquisaca",2020-05-12,15
"Chuquisaca",2020-05-13,15
"Chuquisaca",2020-05-14,15
"Chuquisaca",2020-05-15,15
"Chuquisaca",2020-05-16,16
"Chuquisaca",2020-05-17,17
"Chuquisaca",2020-05-18,17
"Chuquisaca",2020-05-19,17
"Chuquisaca",2020-05-20,19
"Chuquisaca",2020-05-21,19
"Chuquisaca",2020-05-22,19
"Chuquisaca",2020-05-23,21
"Chuquisaca",2020-05-24,21
"Chuquisaca",2020-05-25,22
"Chuquisaca",2020-05-26,22
"Chuquisaca",2020-05-27,25
"Chuquisaca",2020-05-28,25
"Chuquisaca",2020-05-29,25
"Chuquisaca",2020-05-30,25
"Chuquisaca",2020-05-31,26
"Chuquisaca",2020-06-01,28
"Chuquisaca",2020-06-02,29
"Chuquisaca",2020-06-03,31
"Chuquisaca",2020-06-04,32
"Chuquisaca",2020-06-05,38
"Chuquisaca",2020-06-06,39
"Chuquisaca",2020-06-07,39
"Chuquisaca",2020-06-08,43
"Chuquisaca",2020-06-09,43
"Chuquisaca",2020-06-10,61
"Chuquisaca",2020-06-11,74
"Chuquisaca",2020-06-12,85
"Chuquisaca",2020-06-13,100
"Chuquisaca",2020-06-14,102
"Chuquisaca",2020-06-15,117
"Chuquisaca",2020-06-16,129
"Chuquisaca",2020-06-17,134
"Chuquisaca",2020-06-18,185
"Chuquisaca",2020-06-19,196
"Chuquisaca",2020-06-20,253
"Chuquisaca",2020-06-21,301
"Chuquisaca",2020-06-22,301
"Chuquisaca",2020-06-23,382
"Chuquisaca",2020-06-24,422
"Chuquisaca",2020-06-25,470
"Chuquisaca",2020-06-26,524
"Chuquisaca",2020-06-27,578
"Chuquisaca",2020-06-28,637
"Chuquisaca",2020-06-29,644
"Chuquisaca",2020-06-30,707
"Chuquisaca",2020-07-01,766
"Chuquisaca",2020-07-02,811
"Chuquisaca",2020-07-03,852
"Chuquisaca",2020-07-04,917
"Chuquisaca",2020-07-05,967
"Chuquisaca",2020-07-06,1000
"Chuquisaca",2020-07-07,1068
"Chuquisaca",2020-07-08,1099
"Chuquisaca",2020-07-09,1162
"Chuquisaca",2020-07-10,1165
"Chuquisaca",2020-07-11,1298
"Chuquisaca",2020-07-12,1332
"Chuquisaca",2020-07-13,1332
"Chuquisaca",2020-07-14,1374
"Chuquisaca",2020-07-15,1422
"Chuquisaca",2020-07-16,1490
"Chuquisaca",2020-07-17,1536
"Chuquisaca",2020-07-18,1588
"Chuquisaca",2020-07-19,1605
"Chuquisaca",2020-07-20,1637
"Chuquisaca",2020-07-21,1662
"Chuquisaca",2020-07-22,1698
"Chuquisaca",2020-07-23,1736
"Chuquisaca",2020-07-24,1807
"Chuquisaca",2020-07-25,1826
"Chuquisaca",2020-07-26,1834
"Chuquisaca",2020-07-27,1894
"Chuquisaca",2020-07-28,1921
"Chuquisaca",2020-07-29,1944
"Chuquisaca",2020-07-30,1962
"Chuquisaca",2020-07-31,2051
"Chuquisaca",2020-08-01,2094
"Chuquisaca",2020-08-02,2141
"Chuquisaca",2020-08-03,2199
"Chuquisaca",2020-08-04,2261
"Chuquisaca",2020-08-05,2337
"Chuquisaca",2020-08-06,2436
"Chuquisaca",2020-08-07,2562
"Chuquisaca",2020-08-08,2661
"Chuquisaca",2020-08-09,2712
"Chuquisaca",2020-08-10,2837
"Chuquisaca",2020-08-11,2978
"Chuquisaca",2020-08-12,3127
"Chuquisaca",2020-08-13,3296
"Chuquisaca",2020-08-14,3477
"Chuquisaca",2020-08-15,3623
"Chuquisaca",2020-08-16,3808
"Chuquisaca",2020-08-17,3985
"Chuquisaca",2020-08-18,4147
"Chuquisaca",2020-08-19,4254
"Chuquisaca",2020-08-20,4343
"Chuquisaca",2020-08-21,4421
"Chuquisaca",2020-08-22,4536
"Chuquisaca",2020-08-23,4638
"Chuquisaca",2020-08-24,4705
"Chuquisaca",2020-08-25,4786
"Chuquisaca",2020-08-26,4851
"Chuquisaca",2020-08-27,4923
"Chuquisaca",2020-08-28,5024
"Chuquisaca",2020-08-29,5097
"Chuquisaca",2020-08-30,5133
"Chuquisaca",2020-08-31,5220
"Chuquisaca",2020-09-01,5295
"Chuquisaca",2020-09-02,5360
"Chuquisaca",2020-09-03,5433
"Chuquisaca",2020-09-04,5496
"Chuquisaca",2020-09-05,5546
"Chuquisaca",2020-09-06,5606
"Chuquisaca",2020-09-07,5627
"Chuquisaca",2020-09-08,5705
"Chuquisaca",2020-09-09,5840
"Chuquisaca",2020-09-10,5911
"Chuquisaca",2020-09-11,6019
"Chuquisaca",2020-09-12,6127
"Chuquisaca",2020-09-13,6204
"Chuquisaca",2020-09-14,6268
"Chuquisaca",2020-09-15,6339
"Chuquisaca",2020-09-16,6418
"Chuquisaca",2020-09-17,6518
"Chuquisaca",2020-09-18,6605
"Chuquisaca",2020-09-19,6639
"Chuquisaca",2020-09-20,6680
"Chuquisaca",2020-09-21,6696
"Chuquisaca",2020-09-22,6769
"Chuquisaca",2020-09-23,6817
"Chuquisaca",2020-09-24,6879
"Chuquisaca",2020-09-25,6940
"Chuquisaca",2020-09-26,6986
"Chuquisaca",2020-09-27,7032
"Chuquisaca",2020-09-28,7055
"Chuquisaca",2020-09-29,7069
"Chuquisaca",2020-09-30,7100
"Chuquisaca",2020-10-01,7128
"Chuquisaca",2020-10-02,7153
"Chuquisaca",2020-10-03,7187
"Chuquisaca",2020-10-04,7211
"Chuquisaca",2020-10-05,7229
"Chuquisaca",2020-10-06,7243
"Chuquisaca",2020-10-07,7257
"Chuquisaca",2020-10-08,7316
"Chuquisaca",2020-10-09,7339
"Chuquisaca",2020-10-10,7354
"Chuquisaca",2020-10-11,7362
"Chuquisaca",2020-10-12,7382
"Chuquisaca",2020-10-13,7414
"Chuquisaca",2020-10-14,7433
"Chuquisaca",2020-10-15,7444
"Chuquisaca",2020-10-16,7476
"Chuquisaca",2020-10-17,7519
"Chuquisaca",2020-10-18,7539
"Chuquisaca",2020-10-19,7545
"Chuquisaca",2020-10-20,7564
"Chuquisaca",2020-10-21,7581
"Chuquisaca",2020-10-22,7601
"Chuquisaca",2020-10-23,7631
"Chuquisaca",2020-10-24,7662
"Chuquisaca",2020-10-25,7693
"Chuquisaca",2020-10-26,7708
"Chuquisaca",2020-10-27,7723
"Chuquisaca",2020-10-28,7757
"Chuquisaca",2020-10-29,7778
"Chuquisaca",2020-10-30,7794
"Chuquisaca",2020-10-31,7809
"Chuquisaca",2020-11-01,7823
"Chuquisaca",2020-11-02,7832
"Chuquisaca",2020-11-03,7837
"Chuquisaca",2020-11-04,7849
"Chuquisaca",2020-11-05,7855
"Chuquisaca",2020-11-06,7869
"Chuquisaca",2020-11-07,7873
"Chuquisaca",2020-11-08,7882
"Chuquisaca",2020-11-09,7884
"Chuquisaca",2020-11-10,7892
"Chuquisaca",2020-11-11,7896
"Chuquisaca",2020-11-12,7898
"Chuquisaca",2020-11-13,7907
"Chuquisaca",2020-11-14,7922
"Chuquisaca",2020-11-15,7930
"Chuquisaca",2020-11-16,7933
"Chuquisaca",2020-11-17,7939
"Chuquisaca",2020-11-18,7942
"Chuquisaca",2020-11-19,7952
"Chuquisaca",2020-11-20,7960
"Chuquisaca",2020-11-21,7970
"Chuquisaca",2020-11-22,7973
"Chuquisaca",2020-11-23,7977
"Chuquisaca",2020-11-24,7982
"Chuquisaca",2020-11-25,7988
"Chuquisaca",2020-11-26,7991
"Chuquisaca",2020-11-27,8004
"Chuquisaca",2020-11-28,8021
"Chuquisaca",2020-11-29,8024
"Chuquisaca",2020-11-30,8030
"Chuquisaca",2020-12-01,8032
"Chuquisaca",2020-12-02,8040
"Chuquisaca",2020-12-03,8047
"Chuquisaca",2020-12-04,8054
"Chuquisaca",2020-12-05,8059
"Chuquisaca",2020-12-06,8067
"Chuquisaca",2020-12-07,8070
"Chuquisaca",2020-12-08,8084
"Chuquisaca",2020-12-09,8091
"Chuquisaca",2020-12-10,8103
"Chuquisaca",2020-12-11,8119
"Chuquisaca",2020-12-12,8125
"Chuquisaca",2020-12-13,8133
"Chuquisaca",2020-12-14,8138
"Chuquisaca",2020-12-15,8148
"Chuquisaca",2020-12-16,8158
"Chuquisaca",2020-12-17,8171
"Chuquisaca",2020-12-18,8187
"Chuquisaca",2020-12-19,8220
"Chuquisaca",2020-12-20,8276
"Chuquisaca",2020-12-21,8283
"Chuquisaca",2020-12-22,8304
"Chuquisaca",2020-12-23,8347
"Chuquisaca",2020-12-24,8417
"Chuquisaca",2020-12-25,8500
"Chuquisaca",2020-12-26,8518
"Chuquisaca",2020-12-27,8540
"Chuquisaca",2020-12-28,8574
"Chuquisaca",2020-12-29,8632
"La Paz",2020-03-10,0
"La Paz",2020-03-11,0
"La Paz",2020-03-12,0
"La Paz",2020-03-13,0
"La Paz",2020-03-14,0
"La Paz",2020-03-15,0
"La Paz",2020-03-16,0
"La Paz",2020-03-17,0
"La Paz",2020-03-18,0
"La Paz",2020-03-19,1
"La Paz",2020-03-20,1
"La Paz",2020-03-21,1
"La Paz",2020-03-22,1
"La Paz",2020-03-23,1
"La Paz",2020-03-24,2
"La Paz",2020-03-25,4
"La Paz",2020-03-26,8
"La Paz",2020-03-27,8
"La Paz",2020-03-28,10
"La Paz",2020-03-29,13
"La Paz",2020-03-30,14
"La Paz",2020-03-31,16
"La Paz",2020-04-01,16
"La Paz",2020-04-02,19
"La Paz",2020-04-03,20
"La Paz",2020-04-04,23
"La Paz",2020-04-05,32
"La Paz",2020-04-06,37
"La Paz",2020-04-07,39
"La Paz",2020-04-08,57
"La Paz",2020-04-09,57
"La Paz",2020-04-10,59
"La Paz",2020-04-11,65
"La Paz",2020-04-12,73
"La Paz",2020-04-13,80
"La Paz",2020-04-14,91
"La Paz",2020-04-15,101
"La Paz",2020-04-16,120
"La Paz",2020-04-17,120
"La Paz",2020-04-18,126
"La Paz",2020-04-19,133
"La Paz",2020-04-20,134
"La Paz",2020-04-21,137
"La Paz",2020-04-22,140
"La Paz",2020-04-23,150
"La Paz",2020-04-24,155
"La Paz",2020-04-25,159
"La Paz",2020-04-26,168
"La Paz",2020-04-27,185
"La Paz",2020-04-28,188
"La Paz",2020-04-29,202
"La Paz",2020-04-30,218
"La Paz",2020-05-01,221
"La Paz",2020-05-02,236
"La Paz",2020-05-03,241
"La Paz",2020-05-04,243
"La Paz",2020-05-05,253
"La Paz",2020-05-06,260
"La Paz",2020-05-07,271
"La Paz",2020-05-08,294
"La Paz",2020-05-09,301
"La Paz",2020-05-10,309
"La Paz",2020-05-11,313
"La Paz",2020-05-12,316
"La Paz",2020-05-13,319
"La Paz",2020-05-14,322
"La Paz",2020-05-15,328
"La Paz",2020-05-16,333
"La Paz",2020-05-17,335
"La Paz",2020-05-18,342
"La Paz",2020-05-19,355
"La Paz",2020-05-20,363
"La Paz",2020-05-21,375
"La Paz",2020-05-22,381
"La Paz",2020-05-23,386
"La Paz",2020-05-24,394
"La Paz",2020-05-25,403
"La Paz",2020-05-26,410
"La Paz",2020-05-27,415
"La Paz",2020-05-28,423
"La Paz",2020-05-29,444
"La Paz",2020-05-30,478
"La Paz",2020-05-31,507
"La Paz",2020-06-01,555
"La Paz",2020-06-02,614
"La Paz",2020-06-03,635
"La Paz",2020-06-04,661
"La Paz",2020-06-05,692
"La Paz",2020-06-06,737
"La Paz",2020-06-07,754
"La Paz",2020-06-08,776
"La Paz",2020-06-09,804
"La Paz",2020-06-10,842
"La Paz",2020-06-11,932
"La Paz",2020-06-12,983
"La Paz",2020-06-13,1064
"La Paz",2020-06-14,1149
"La Paz",2020-06-15,1213
"La Paz",2020-06-16,1254
"La Paz",2020-06-17,1298
"La Paz",2020-06-18,1386
"La Paz",2020-06-19,1469
"La Paz",2020-06-20,1545
"La Paz",2020-06-21,1780
"La Paz",2020-06-22,1918
"La Paz",2020-06-23,1966
"La Paz",2020-06-24,2161
"La Paz",2020-06-25,2373
"La Paz",2020-06-26,2580
"La Paz",2020-06-27,2774
"La Paz",2020-06-28,2882
"La Paz",2020-06-29,2967
"La Paz",2020-06-30,3029
"La Paz",2020-07-01,3241
"La Paz",2020-07-02,3397
"La Paz",2020-07-03,3634
"La Paz",2020-07-04,3872
"La Paz",2020-07-05,4205
"La Paz",2020-07-06,4685
"La Paz",2020-07-07,4876
"La Paz",2020-07-08,5151
"La Paz",2020-07-09,5376
"La Paz",2020-07-10,5704
"La Paz",2020-07-11,6366
"La Paz",2020-07-12,6703
"La Paz",2020-07-13,7124
"La Paz",2020-07-14,7402
"La Paz",2020-07-15,7662
"La Paz",2020-07-16,7976
"La Paz",2020-07-17,8209
"La Paz",2020-07-18,8922
"La Paz",2020-07-19,9655
"La Paz",2020-07-20,10190
"La Paz",2020-07-21,10621
"La Paz",2020-07-22,11409
"La Paz",2020-07-23,11943
"La Paz",2020-07-24,12273
"La Paz",2020-07-25,13371
"La Paz",2020-07-26,13780
"La Paz",2020-07-27,14403
"La Paz",2020-07-28,14618
"La Paz",2020-07-29,14982
"La Paz",2020-07-30,15595
"La Paz",2020-07-31,15951
"La Paz",2020-08-01,16425
"La Paz",2020-08-02,16823
"La Paz",2020-08-03,17699
"La Paz",2020-08-04,18115
"La Paz",2020-08-05,19024
"La Paz",2020-08-06,19575
"La Paz",2020-08-07,20481
"La Paz",2020-08-08,21105
"La Paz",2020-08-09,21606
"La Paz",2020-08-10,22322
"La Paz",2020-08-11,22908
"La Paz",2020-08-12,23721
"La Paz",2020-08-13,24145
"La Paz",2020-08-14,24602
"La Paz",2020-08-15,25122
"La Paz",2020-08-16,25776
"La Paz",2020-08-17,26052
"La Paz",2020-08-18,26295
"La Paz",2020-08-19,27100
"La Paz",2020-08-20,27306
"La Paz",2020-08-21,27771
"La Paz",2020-08-22,27985
"La Paz",2020-08-23,28328
"La Paz",2020-08-24,28935
"La Paz",2020-08-25,29149
"La Paz",2020-08-26,29498
"La Paz",2020-08-27,29851
"La Paz",2020-08-28,30349
"La Paz",2020-08-29,30678
"La Paz",2020-08-30,30898
"La Paz",2020-08-31,30999
"La Paz",2020-09-01,31039
"La Paz",2020-09-02,31124
"La Paz",2020-09-03,31232
"La Paz",2020-09-04,31446
"La Paz",2020-09-05,31725
"La Paz",2020-09-06,31889
"La Paz",2020-09-07,32161
"La Paz",2020-09-08,32268
"La Paz",2020-09-09,32565
"La Paz",2020-09-10,32797
"La Paz",2020-09-11,32950
"La Paz",2020-09-12,33082
"La Paz",2020-09-13,33296
"La Paz",2020-09-14,33619
"La Paz",2020-09-15,33731
"La Paz",2020-09-16,33804
"La Paz",2020-09-17,33842
"La Paz",2020-09-18,33875
"La Paz",2020-09-19,33969
"La Paz",2020-09-20,34003
"La Paz",2020-09-21,34030
"La Paz",2020-09-22,34067
"La Paz",2020-09-23,34091
"La Paz",2020-09-24,34136
"La Paz",2020-09-25,34181
"La Paz",2020-09-26,34233
"La Paz",2020-09-27,34262
"La Paz",2020-09-28,34279
"La Paz",2020-09-29,34282
"La Paz",2020-09-30,34311
"La Paz",2020-10-01,34351
"La Paz",2020-10-02,34391
"La Paz",2020-10-03,34419
"La Paz",2020-10-04,34433
"La Paz",2020-10-05,34449
"La Paz",2020-10-06,34449
"La Paz",2020-10-07,34498
"La Paz",2020-10-08,34520
"La Paz",2020-10-09,34567
"La Paz",2020-10-10,34597
"La Paz",2020-10-11,34605
"La Paz",2020-10-12,34607
"La Paz",2020-10-13,34626
"La Paz",2020-10-14,34638
"La Paz",2020-10-15,34674
"La Paz",2020-10-16,34701
"La Paz",2020-10-17,34712
"La Paz",2020-10-18,34721
"La Paz",2020-10-19,34727
"La Paz",2020-10-20,34736
"La Paz",2020-10-21,34766
"La Paz",2020-10-22,34777
"La Paz",2020-10-23,34796
"La Paz",2020-10-24,34825
"La Paz",2020-10-25,34838
"La Paz",2020-10-26,34840
"La Paz",2020-10-27,34869
"La Paz",2020-10-28,34898
"La Paz",2020-10-29,34916
"La Paz",2020-10-30,34962
"La Paz",2020-10-31,34977
"La Paz",2020-11-01,34995
"La Paz",2020-11-02,34995
"La Paz",2020-11-03,35000
"La Paz",2020-11-04,35010
"La Paz",2020-11-05,35048
"La Paz",2020-11-06,35061
"La Paz",2020-11-07,35075
"La Paz",2020-11-08,35086
"La Paz",2020-11-09,35088
"La Paz",2020-11-10,35109
"La Paz",2020-11-11,35115
"La Paz",2020-11-12,35123
"La Paz",2020-11-13,35182
"La Paz",2020-11-14,35218
"La Paz",2020-11-15,35237
"La Paz",2020-11-16,35271
"La Paz",2020-11-17,35286
"La Paz",2020-11-18,35307
"La Paz",2020-11-19,35369
"La Paz",2020-11-20,35383
"La Paz",2020-11-21,35389
"La Paz",2020-11-22,35413
"La Paz",2020-11-23,35414
"La Paz",2020-11-24,35421
"La Paz",2020-11-25,35437
"La Paz",2020-11-26,35447
"La Paz",2020-11-27,35466
"La Paz",2020-11-28,35489
"La Paz",2020-11-29,35494
"La Paz",2020-11-30,35497
"La Paz",2020-12-01,35504
"La Paz",2020-12-02,35519
"La Paz",2020-12-03,35564
"La Paz",2020-12-04,35594
"La Paz",2020-12-05,35626
"La Paz",2020-12-06,35646
"La Paz",2020-12-07,35649
"La Paz",2020-12-08,35670
"La Paz",2020-12-09,35685
"La Paz",2020-12-10,35772
"La Paz",2020-12-11,35838
"La Paz",2020-12-12,35875
"La Paz",2020-12-13,35923
"La Paz",2020-12-14,35934
"La Paz",2020-12-15,35998
"La Paz",2020-12-16,36131
"La Paz",2020-12-17,36263
"La Paz",2020-12-18,36365
"La Paz",2020-12-19,36482
"La Paz",2020-12-20,36605
"La Paz",2020-12-21,36651
"La Paz",2020-12-22,36774
"La Paz",2020-12-23,37099
"La Paz",2020-12-24,37433
"La Paz",2020-12-25,37604
"La Paz",2020-12-26,37801
"La Paz",2020-12-27,38014
"La Paz",2020-12-28,38114
"La Paz",2020-12-29,38393
"Cochabamba",2020-03-10,0
"Cochabamba",2020-03-11,0
"Cochabamba",2020-03-12,0
"Cochabamba",2020-03-13,1
"Cochabamba",2020-03-14,1
"Cochabamba",2020-03-15,1
"Cochabamba",2020-03-16,1
"Cochabamba",2020-03-17,1
"Cochabamba",2020-03-18,1
"Cochabamba",2020-03-19,2
"Cochabamba",2020-03-20,2
"Cochabamba",2020-03-21,2
"Cochabamba",2020-03-22,3
"Cochabamba",2020-03-23,3
"Cochabamba",2020-03-24,3
"Cochabamba",2020-03-25,3
"Cochabamba",2020-03-26,10
"Cochabamba",2020-03-27,14
"Cochabamba",2020-03-28,14
"Cochabamba",2020-03-29,18
"Cochabamba",2020-03-30,20
"Cochabamba",2020-03-31,20
"Cochabamba",2020-04-01,21
"Cochabamba",2020-04-02,22
"Cochabamba",2020-04-03,24
"Cochabamba",2020-04-04,24
"Cochabamba",2020-04-05,33
"Cochabamba",2020-04-06,33
"Cochabamba",2020-04-07,38
"Cochabamba",2020-04-08,47
"Cochabamba",2020-04-09,48
"Cochabamba",2020-04-10,48
"Cochabamba",2020-04-11,49
"Cochabamba",2020-04-12,52
"Cochabamba",2020-04-13,54
"Cochabamba",2020-04-14,57
"Cochabamba",2020-04-15,59
"Cochabamba",2020-04-16,59
"Cochabamba",2020-04-17,60
"Cochabamba",2020-04-18,60
"Cochabamba",2020-04-19,61
"Cochabamba",2020-04-20,61
"Cochabamba",2020-04-21,62
"Cochabamba",2020-04-22,63
"Cochabamba",2020-04-23,66
"Cochabamba",2020-04-24,70
"Cochabamba",2020-04-25,71
"Cochabamba",2020-04-26,78
"Cochabamba",2020-04-27,78
"Cochabamba",2020-04-28,79
"Cochabamba",2020-04-29,80
"Cochabamba",2020-04-30,80
"Cochabamba",2020-05-01,80
"Cochabamba",2020-05-02,81
"Cochabamba",2020-05-03,81
"Cochabamba",2020-05-04,82
"Cochabamba",2020-05-05,82
"Cochabamba",2020-05-06,82
"Cochabamba",2020-05-07,82
"Cochabamba",2020-05-08,90
"Cochabamba",2020-05-09,95
"Cochabamba",2020-05-10,104
"Cochabamba",2020-05-11,109
"Cochabamba",2020-05-12,130
"Cochabamba",2020-05-13,148
"Cochabamba",2020-05-14,170
"Cochabamba",2020-05-15,196
"Cochabamba",2020-05-16,214
"Cochabamba",2020-05-17,224
"Cochabamba",2020-05-18,228
"Cochabamba",2020-05-19,246
"Cochabamba",2020-05-20,259
"Cochabamba",2020-05-21,266
"Cochabamba",2020-05-22,285
"Cochabamba",2020-05-23,295
"Cochabamba",2020-05-24,329
"Cochabamba",2020-05-25,339
"Cochabamba",2020-05-26,345
"Cochabamba",2020-05-27,376
"Cochabamba",2020-05-28,419
"Cochabamba",2020-05-29,488
"Cochabamba",2020-05-30,556
"Cochabamba",2020-05-31,611
"Cochabamba",2020-06-01,714
"Cochabamba",2020-06-02,786
"Cochabamba",2020-06-03,851
"Cochabamba",2020-06-04,898
"Cochabamba",2020-06-05,960
"Cochabamba",2020-06-06,1022
"Cochabamba",2020-06-07,1097
"Cochabamba",2020-06-08,1162
"Cochabamba",2020-06-09,1231
"Cochabamba",2020-06-10,1297
"Cochabamba",2020-06-11,1369
"Cochabamba",2020-06-12,1441
"Cochabamba",2020-06-13,1537
"Cochabamba",2020-06-14,1723
"Cochabamba",2020-06-15,1878
"Cochabamba",2020-06-16,1915
"Cochabamba",2020-06-17,2041
"Cochabamba",2020-06-18,2179
"Cochabamba",2020-06-19,2302
"Cochabamba",2020-06-20,2360
"Cochabamba",2020-06-21,2551
"Cochabamba",2020-06-22,2612
"Cochabamba",2020-06-23,2775
"Cochabamba",2020-06-24,2920
"Cochabamba",2020-06-25,2970
"Cochabamba",2020-06-26,3233
"Cochabamba",2020-06-27,3416
"Cochabamba",2020-06-28,3468
"Cochabamba",2020-06-29,3501
"Cochabamba",2020-06-30,3640
"Cochabamba",2020-07-01,3744
"Cochabamba",2020-07-02,3836
"Cochabamba",2020-07-03,4089
"Cochabamba",2020-07-04,4146
"Cochabamba",2020-07-05,4199
"Cochabamba",2020-07-06,4429
"Cochabamba",2020-07-07,4492
"Cochabamba",2020-07-08,4635
"Cochabamba",2020-07-09,4769
"Cochabamba",2020-07-10,4915
"Cochabamba",2020-07-11,5014
"Cochabamba",2020-07-12,5188
"Cochabamba",2020-07-13,5315
"Cochabamba",2020-07-14,5468
"Cochabamba",2020-07-15,5744
"Cochabamba",2020-07-16,5926
"Cochabamba",2020-07-17,6045
"Cochabamba",2020-07-18,6277
"Cochabamba",2020-07-19,6406
"Cochabamba",2020-07-20,6526
"Cochabamba",2020-07-21,6694
"Cochabamba",2020-07-22,6887
"Cochabamba",2020-07-23,7047
"Cochabamba",2020-07-24,7305
"Cochabamba",2020-07-25,7420
"Cochabamba",2020-07-26,7544
"Cochabamba",2020-07-27,8104
"Cochabamba",2020-07-28,8310
"Cochabamba",2020-07-29,8410
"Cochabamba",2020-07-30,8582
"Cochabamba",2020-07-31,9030
"Cochabamba",2020-08-01,9418
"Cochabamba",2020-08-02,9626
"Cochabamba",2020-08-03,9815
"Cochabamba",2020-08-04,10031
"Cochabamba",2020-08-05,10213
"Cochabamba",2020-08-06,10309
"Cochabamba",2020-08-07,10392
"Cochabamba",2020-08-08,10435
"Cochabamba",2020-08-09,10586
"Cochabamba",2020-08-10,10722
"Cochabamba",2020-08-11,10845
"Cochabamba",2020-08-12,10990
"Cochabamba",2020-08-13,11074
"Cochabamba",2020-08-14,11259
"Cochabamba",2020-08-15,11346
"Cochabamba",2020-08-16,11359
"Cochabamba",2020-08-17,11411
"Cochabamba",2020-08-18,11491
"Cochabamba",2020-08-19,11563
"Cochabamba",2020-08-20,11621
"Cochabamba",2020-08-21,11689
"Cochabamba",2020-08-22,11791
"Cochabamba",2020-08-23,11844
"Cochabamba",2020-08-24,11956
"Cochabamba",2020-08-25,12017
"Cochabamba",2020-08-26,12068
"Cochabamba",2020-08-27,12161
"Cochabamba",2020-08-28,12204
"Cochabamba",2020-08-29,12290
"Cochabamba",2020-08-30,12297
"Cochabamba",2020-08-31,12370
"Cochabamba",2020-09-01,12432
"Cochabamba",2020-09-02,12516
"Cochabamba",2020-09-03,12559
"Cochabamba",2020-09-04,12589
"Cochabamba",2020-09-05,12615
"Cochabamba",2020-09-06,12624
"Cochabamba",2020-09-07,12629
"Cochabamba",2020-09-08,12671
"Cochabamba",2020-09-09,12721
"Cochabamba",2020-09-10,12766
"Cochabamba",2020-09-11,12889
"Cochabamba",2020-09-12,13065
"Cochabamba",2020-09-13,13142
"Cochabamba",2020-09-14,13192
"Cochabamba",2020-09-15,13261
"Cochabamba",2020-09-16,13294
"Cochabamba",2020-09-17,13328
"Cochabamba",2020-09-18,13378
"Cochabamba",2020-09-19,13392
"Cochabamba",2020-09-20,13394
"Cochabamba",2020-09-21,13422
"Cochabamba",2020-09-22,13429
"Cochabamba",2020-09-23,13451
"Cochabamba",2020-09-24,13488
"Cochabamba",2020-09-25,13507
"Cochabamba",2020-09-26,13529
"Cochabamba",2020-09-27,13533
"Cochabamba",2020-09-28,13563
"Cochabamba",2020-09-29,13594
"Cochabamba",2020-09-30,13611
"Cochabamba",2020-10-01,13626
"Cochabamba",2020-10-02,13644
"Cochabamba",2020-10-03,13647
"Cochabamba",2020-10-04,13659
"Cochabamba",2020-10-05,13673
"Cochabamba",2020-10-06,13706
"Cochabamba",2020-10-07,13728
"Cochabamba",2020-10-08,13735
"Cochabamba",2020-10-09,13750
"Cochabamba",2020-10-10,13754
"Cochabamba",2020-10-11,13754
"Cochabamba",2020-10-12,13765
"Cochabamba",2020-10-13,13784
"Cochabamba",2020-10-14,13787
"Cochabamba",2020-10-15,13810
"Cochabamba",2020-10-16,13827
"Cochabamba",2020-10-17,13833
"Cochabamba",2020-10-18,13833
"Cochabamba",2020-10-19,13857
"Cochabamba",2020-10-20,13872
"Cochabamba",2020-10-21,13895
"Cochabamba",2020-10-22,13908
"Cochabamba",2020-10-23,13910
"Cochabamba",2020-10-24,13914
"Cochabamba",2020-10-25,13914
"Cochabamba",2020-10-26,13926
"Cochabamba",2020-10-27,13932
"Cochabamba",2020-10-28,13945
"Cochabamba",2020-10-29,13966
"Cochabamba",2020-10-30,13977
"Cochabamba",2020-10-31,13977
"Cochabamba",2020-11-01,13977
"Cochabamba",2020-11-02,13987
"Cochabamba",2020-11-03,13988
"Cochabamba",2020-11-04,13999
"Cochabamba",2020-11-05,14011
"Cochabamba",2020-11-06,14014
"Cochabamba",2020-11-07,14021
"Cochabamba",2020-11-08,14023
"Cochabamba",2020-11-09,14027
"Cochabamba",2020-11-10,14033
"Cochabamba",2020-11-11,14042
"Cochabamba",2020-11-12,14062
"Cochabamba",2020-11-13,14080
"Cochabamba",2020-11-14,14083
"Cochabamba",2020-11-15,14087
"Cochabamba",2020-11-16,14109
"Cochabamba",2020-11-17,14115
"Cochabamba",2020-11-18,14117
"Cochabamba",2020-11-19,14127
"Cochabamba",2020-11-20,14136
"Cochabamba",2020-11-21,14144
"Cochabamba",2020-11-22,14145
"Cochabamba",2020-11-23,14155
"Cochabamba",2020-11-24,14169
"Cochabamba",2020-11-25,14185
"Cochabamba",2020-11-26,14217
"Cochabamba",2020-11-27,14233
"Cochabamba",2020-11-28,14238
"Cochabamba",2020-11-29,14238
"Cochabamba",2020-11-30,14253
"Cochabamba",2020-12-01,14266
"Cochabamba",2020-12-02,14280
"Cochabamba",2020-12-03,14293
"Cochabamba",2020-12-04,14307
"Cochabamba",2020-12-05,14311
"Cochabamba",2020-12-06,14315
"Cochabamba",2020-12-07,14331
"Cochabamba",2020-12-08,14345
"Cochabamba",2020-12-09,14360
"Cochabamba",2020-12-10,14381
"Cochabamba",2020-12-11,14398
"Cochabamba",2020-12-12,14414
"Cochabamba",2020-12-13,14415
"Cochabamba",2020-12-14,14424
"Cochabamba",2020-12-15,14434
"Cochabamba",2020-12-16,14455
"Cochabamba",2020-12-17,14465
"Cochabamba",2020-12-18,14494
"Cochabamba",2020-12-19,14515
"Cochabamba",2020-12-20,14521
"Cochabamba",2020-12-21,14579
"Cochabamba",2020-12-22,14638
"Cochabamba",2020-12-23,14699
"Cochabamba",2020-12-24,14765
"Cochabamba",2020-12-25,14778
"Cochabamba",2020-12-26,14865
"Cochabamba",2020-12-27,14900
"Cochabamba",2020-12-28,14962
"Cochabamba",2020-12-29,15141
"Oruro",2020-03-10,0
"Oruro",2020-03-11,0
"Oruro",2020-03-12,0
"Oruro",2020-03-13,6
"Oruro",2020-03-14,6
"Oruro",2020-03-15,6
"Oruro",2020-03-16,6
"Oruro",2020-03-17,6
"Oruro",2020-03-18,6
"Oruro",2020-03-19,7
"Oruro",2020-03-20,7
"Oruro",2020-03-21,7
"Oruro",2020-03-22,7
"Oruro",2020-03-23,7
"Oruro",2020-03-24,7
"Oruro",2020-03-25,7
"Oruro",2020-03-26,7
"Oruro",2020-03-27,7
"Oruro",2020-03-28,7
"Oruro",2020-03-29,7
"Oruro",2020-03-30,7
"Oruro",2020-03-31,7
"Oruro",2020-04-01,7
"Oruro",2020-04-02,7
"Oruro",2020-04-03,7
"Oruro",2020-04-04,7
"Oruro",2020-04-05,7
"Oruro",2020-04-06,7
"Oruro",2020-04-07,7
"Oruro",2020-04-08,7
"Oruro",2020-04-09,7
"Oruro",2020-04-10,8
"Oruro",2020-04-11,10
"Oruro",2020-04-12,12
"Oruro",2020-04-13,13
"Oruro",2020-04-14,29
"Oruro",2020-04-15,36
"Oruro",2020-04-16,37
"Oruro",2020-04-17,41
"Oruro",2020-04-18,44
"Oruro",2020-04-19,44
"Oruro",2020-04-20,48
"Oruro",2020-04-21,48
"Oruro",2020-04-22,58
"Oruro",2020-04-23,61
"Oruro",2020-04-24,64
"Oruro",2020-04-25,64
"Oruro",2020-04-26,78
"Oruro",2020-04-27,91
"Oruro",2020-04-28,91
"Oruro",2020-04-29,101
"Oruro",2020-04-30,101
"Oruro",2020-05-01,106
"Oruro",2020-05-02,110
"Oruro",2020-05-03,110
"Oruro",2020-05-04,110
"Oruro",2020-05-05,112
"Oruro",2020-05-06,112
"Oruro",2020-05-07,114
"Oruro",2020-05-08,115
"Oruro",2020-05-09,120
"Oruro",2020-05-10,123
"Oruro",2020-05-11,123
"Oruro",2020-05-12,127
"Oruro",2020-05-13,127
"Oruro",2020-05-14,131
"Oruro",2020-05-15,131
"Oruro",2020-05-16,132
"Oruro",2020-05-17,134
"Oruro",2020-05-18,136
"Oruro",2020-05-19,137
"Oruro",2020-05-20,137
"Oruro",2020-05-21,140
"Oruro",2020-05-22,142
"Oruro",2020-05-23,144
"Oruro",2020-05-24,149
"Oruro",2020-05-25,150
"Oruro",2020-05-26,152
"Oruro",2020-05-27,154
"Oruro",2020-05-28,158
"Oruro",2020-05-29,165
"Oruro",2020-05-30,189
"Oruro",2020-05-31,203
"Oruro",2020-06-01,209
"Oruro",2020-06-02,217
"Oruro",2020-06-03,221
"Oruro",2020-06-04,237
"Oruro",2020-06-05,246
"Oruro",2020-06-06,255
"Oruro",2020-06-07,259
"Oruro",2020-06-08,273
"Oruro",2020-06-09,287
"Oruro",2020-06-10,304
"Oruro",2020-06-11,333
"Oruro",2020-06-12,357
"Oruro",2020-06-13,368
"Oruro",2020-06-14,377
"Oruro",2020-06-15,388
"Oruro",2020-06-16,399
"Oruro",2020-06-17,419
"Oruro",2020-06-18,442
"Oruro",2020-06-19,458
"Oruro",2020-06-20,468
"Oruro",2020-06-21,487
"Oruro",2020-06-22,598
"Oruro",2020-06-23,674
"Oruro",2020-06-24,698
"Oruro",2020-06-25,720
"Oruro",2020-06-26,791
"Oruro",2020-06-27,793
"Oruro",2020-06-28,877
"Oruro",2020-06-29,898
"Oruro",2020-06-30,948
"Oruro",2020-07-01,1011
"Oruro",2020-07-02,1092
"Oruro",2020-07-03,1144
"Oruro",2020-07-04,1188
"Oruro",2020-07-05,1232
"Oruro",2020-07-06,1282
"Oruro",2020-07-07,1379
"Oruro",2020-07-08,1490
"Oruro",2020-07-09,1545
"Oruro",2020-07-10,1634
"Oruro",2020-07-11,1700
"Oruro",2020-07-12,1785
"Oruro",2020-07-13,1860
"Oruro",2020-07-14,1920
"Oruro",2020-07-15,1973
"Oruro",2020-07-16,2015
"Oruro",2020-07-17,2111
"Oruro",2020-07-18,2176
"Oruro",2020-07-19,2210
"Oruro",2020-07-20,2243
"Oruro",2020-07-21,2345
"Oruro",2020-07-22,2430
"Oruro",2020-07-23,2505
"Oruro",2020-07-24,2556
"Oruro",2020-07-25,2656
"Oruro",2020-07-26,2755
"Oruro",2020-07-27,2821
"Oruro",2020-07-28,2858
"Oruro",2020-07-29,2912
"Oruro",2020-07-30,3072
"Oruro",2020-07-31,3072
"Oruro",2020-08-01,3572
"Oruro",2020-08-02,3692
"Oruro",2020-08-03,3740
"Oruro",2020-08-04,3889
"Oruro",2020-08-05,3959
"Oruro",2020-08-06,4026
"Oruro",2020-08-07,4038
"Oruro",2020-08-08,4116
"Oruro",2020-08-09,4137
"Oruro",2020-08-10,4149
"Oruro",2020-08-11,4192
"Oruro",2020-08-12,4213
"Oruro",2020-08-13,4226
"Oruro",2020-08-14,4236
"Oruro",2020-08-15,4254
"Oruro",2020-08-16,4268
"Oruro",2020-08-17,4282
"Oruro",2020-08-18,4298
"Oruro",2020-08-19,4366
"Oruro",2020-08-20,4495
"Oruro",2020-08-21,4574
"Oruro",2020-08-22,4635
"Oruro",2020-08-23,4688
"Oruro",2020-08-24,4717
"Oruro",2020-08-25,4735
"Oruro",2020-08-26,4765
"Oruro",2020-08-27,4817
"Oruro",2020-08-28,4855
"Oruro",2020-08-29,4906
"Oruro",2020-08-30,4950
"Oruro",2020-08-31,4959
"Oruro",2020-09-01,4967
"Oruro",2020-09-02,4983
"Oruro",2020-09-03,5085
"Oruro",2020-09-04,5128
"Oruro",2020-09-05,5147
"Oruro",2020-09-06,5175
"Oruro",2020-09-07,5184
"Oruro",2020-09-08,5198
"Oruro",2020-09-09,5297
"Oruro",2020-09-10,5348
"Oruro",2020-09-11,5358
"Oruro",2020-09-12,5379
"Oruro",2020-09-13,5412
"Oruro",2020-09-14,5441
"Oruro",2020-09-15,5450
"Oruro",2020-09-16,5475
"Oruro",2020-09-17,5492
"Oruro",2020-09-18,5514
"Oruro",2020-09-19,5526
"Oruro",2020-09-20,5548
"Oruro",2020-09-21,5554
"Oruro",2020-09-22,5564
"Oruro",2020-09-23,5605
"Oruro",2020-09-24,5649
"Oruro",2020-09-25,5678
"Oruro",2020-09-26,5678
"Oruro",2020-09-27,5696
"Oruro",2020-09-28,5710
"Oruro",2020-09-29,5718
"Oruro",2020-09-30,5730
"Oruro",2020-10-01,5743
"Oruro",2020-10-02,5761
"Oruro",2020-10-03,5771
"Oruro",2020-10-04,5784
"Oruro",2020-10-05,5786
"Oruro",2020-10-06,5797
"Oruro",2020-10-07,5810
"Oruro",2020-10-08,5820
"Oruro",2020-10-09,5843
"Oruro",2020-10-10,5856
"Oruro",2020-10-11,5868
"Oruro",2020-10-12,5876
"Oruro",2020-10-13,5887
"Oruro",2020-10-14,5895
"Oruro",2020-10-15,5898
"Oruro",2020-10-16,5903
"Oruro",2020-10-17,5912
"Oruro",2020-10-18,5920
"Oruro",2020-10-19,5922
"Oruro",2020-10-20,5926
"Oruro",2020-10-21,5932
"Oruro",2020-10-22,5945
"Oruro",2020-10-23,5954
"Oruro",2020-10-24,5959
"Oruro",2020-10-25,5964
"Oruro",2020-10-26,5965
"Oruro",2020-10-27,5969
"Oruro",2020-10-28,5977
"Oruro",2020-10-29,5993
"Oruro",2020-10-30,6001
"Oruro",2020-10-31,6010
"Oruro",2020-11-01,6017
"Oruro",2020-11-02,6017
"Oruro",2020-11-03,6017
"Oruro",2020-11-04,6023
"Oruro",2020-11-05,6027
"Oruro",2020-11-06,6038
"Oruro",2020-11-07,6040
"Oruro",2020-11-08,6056
"Oruro",2020-11-09,6060
"Oruro",2020-11-10,6062
"Oruro",2020-11-11,6068
"Oruro",2020-11-12,6082
"Oruro",2020-11-13,6083
"Oruro",2020-11-14,6087
"Oruro",2020-11-15,6095
"Oruro",2020-11-16,6099
"Oruro",2020-11-17,6101
"Oruro",2020-11-18,6104
"Oruro",2020-11-19,6110
"Oruro",2020-11-20,6120
"Oruro",2020-11-21,6122
"Oruro",2020-11-22,6133
"Oruro",2020-11-23,6133
"Oruro",2020-11-24,6136
"Oruro",2020-11-25,6140
"Oruro",2020-11-26,6145
"Oruro",2020-11-27,6153
"Oruro",2020-11-28,6154
"Oruro",2020-11-29,6164
"Oruro",2020-11-30,6167
"Oruro",2020-12-01,6173
"Oruro",2020-12-02,6183
"Oruro",2020-12-03,6197
"Oruro",2020-12-04,6212
"Oruro",2020-12-05,6222
"Oruro",2020-12-06,6232
"Oruro",2020-12-07,6234
"Oruro",2020-12-08,6240
"Oruro",2020-12-09,6249
"Oruro",2020-12-10,6256
"Oruro",2020-12-11,6260
"Oruro",2020-12-12,6272
"Oruro",2020-12-13,6277
"Oruro",2020-12-14,6279
"Oruro",2020-12-15,6290
"Oruro",2020-12-16,6301
"Oruro",2020-12-17,6317
"Oruro",2020-12-18,6342
"Oruro",2020-12-19,6360
"Oruro",2020-12-20,6384
"Oruro",2020-12-21,6390
"Oruro",2020-12-22,6403
"Oruro",2020-12-23,6433
"Oruro",2020-12-24,6455
"Oruro",2020-12-25,6469
"Oruro",2020-12-26,6475
"Oruro",2020-12-27,6484
"Oruro",2020-12-28,6490
"Oruro",2020-12-29,6507
"Potosi",2020-03-10,0
"Potosi",2020-03-11,0
"Potosi",2020-03-12,0
"Potosi",2020-03-13,0
"Potosi",2020-03-14,0
"Potosi",2020-03-15,0
"Potosi",2020-03-16,0
"Potosi",2020-03-17,0
"Potosi",2020-03-18,0
"Potosi",2020-03-19,0
"Potosi",2020-03-20,0
"Potosi",2020-03-21,0
"Potosi",2020-03-22,0
"Potosi",2020-03-23,0
"Potosi",2020-03-24,0
"Potosi",2020-03-25,0
"Potosi",2020-03-26,1
"Potosi",2020-03-27,1
"Potosi",2020-03-28,3
"Potosi",2020-03-29,3
"Potosi",2020-03-30,3
"Potosi",2020-03-31,4
"Potosi",2020-04-01,4
"Potosi",2020-04-02,5
"Potosi",2020-04-03,5
"Potosi",2020-04-04,5
"Potosi",2020-04-05,5
"Potosi",2020-04-06,8
"Potosi",2020-04-07,10
"Potosi",2020-04-08,13
"Potosi",2020-04-09,13
"Potosi",2020-04-10,13
"Potosi",2020-04-11,15
"Potosi",2020-04-12,15
"Potosi",2020-04-13,15
"Potosi",2020-04-14,15
"Potosi",2020-04-15,15
"Potosi",2020-04-16,16
"Potosi",2020-04-17,18
"Potosi",2020-04-18,18
"Potosi",2020-04-19,19
"Potosi",2020-04-20,19
"Potosi",2020-04-21,19
"Potosi",2020-04-22,21
"Potosi",2020-04-23,21
"Potosi",2020-04-24,21
"Potosi",2020-04-25,26
"Potosi",2020-04-26,26
"Potosi",2020-04-27,26
"Potosi",2020-04-28,26
"Potosi",2020-04-29,26
"Potosi",2020-04-30,26
"Potosi",2020-05-01,26
"Potosi",2020-05-02,26
"Potosi",2020-05-03,26
"Potosi",2020-05-04,33
"Potosi",2020-05-05,35
"Potosi",2020-05-06,35
"Potosi",2020-05-07,35
"Potosi",2020-05-08,35
"Potosi",2020-05-09,35
"Potosi",2020-05-10,35
"Potosi",2020-05-11,36
"Potosi",2020-05-12,36
"Potosi",2020-05-13,36
"Potosi",2020-05-14,36
"Potosi",2020-05-15,36
"Potosi",2020-05-16,36
"Potosi",2020-05-17,38
"Potosi",2020-05-18,39
"Potosi",2020-05-19,39
"Potosi",2020-05-20,40
"Potosi",2020-05-21,41
"Potosi",2020-05-22,41
"Potosi",2020-05-23,41
"Potosi",2020-05-24,42
"Potosi",2020-05-25,44
"Potosi",2020-05-26,44
"Potosi",2020-05-27,44
"Potosi",2020-05-28,46
"Potosi",2020-05-29,48
"Potosi",2020-05-30,48
"Potosi",2020-05-31,68
"Potosi",2020-06-01,70
"Potosi",2020-06-02,93
"Potosi",2020-06-03,98
"Potosi",2020-06-04,119
"Potosi",2020-06-05,147
"Potosi",2020-06-06,171
"Potosi",2020-06-07,183
"Potosi",2020-06-08,188
"Potosi",2020-06-09,200
"Potosi",2020-06-10,205
"Potosi",2020-06-11,268
"Potosi",2020-06-12,274
"Potosi",2020-06-13,295
"Potosi",2020-06-14,331
"Potosi",2020-06-15,343
"Potosi",2020-06-16,361
"Potosi",2020-06-17,378
"Potosi",2020-06-18,392
"Potosi",2020-06-19,407
"Potosi",2020-06-20,424
"Potosi",2020-06-21,428
"Potosi",2020-06-22,546
"Potosi",2020-06-23,560
"Potosi",2020-06-24,576
"Potosi",2020-06-25,588
"Potosi",2020-06-26,589
"Potosi",2020-06-27,603
"Potosi",2020-06-28,641
"Potosi",2020-06-29,664
"Potosi",2020-06-30,674
"Potosi",2020-07-01,689
"Potosi",2020-07-02,720
"Potosi",2020-07-03,728
"Potosi",2020-07-04,758
"Potosi",2020-07-05,761
"Potosi",2020-07-06,782
"Potosi",2020-07-07,801
"Potosi",2020-07-08,831
"Potosi",2020-07-09,844
"Potosi",2020-07-10,847
"Potosi",2020-07-11,858
"Potosi",2020-07-12,895
"Potosi",2020-07-13,919
"Potosi",2020-07-14,969
"Potosi",2020-07-15,1000
"Potosi",2020-07-16,1060
"Potosi",2020-07-17,1086
"Potosi",2020-07-18,1097
"Potosi",2020-07-19,1172
"Potosi",2020-07-20,1188
"Potosi",2020-07-21,1188
"Potosi",2020-07-22,1249
"Potosi",2020-07-23,1266
"Potosi",2020-07-24,1385
"Potosi",2020-07-25,1390
"Potosi",2020-07-26,1436
"Potosi",2020-07-27,1443
"Potosi",2020-07-28,1458
"Potosi",2020-07-29,1464
"Potosi",2020-07-30,1470
"Potosi",2020-07-31,1486
"Potosi",2020-08-01,1520
"Potosi",2020-08-02,1576
"Potosi",2020-08-03,1627
"Potosi",2020-08-04,1670
"Potosi",2020-08-05,1747
"Potosi",2020-08-06,1760
"Potosi",2020-08-07,1792
"Potosi",2020-08-08,1820
"Potosi",2020-08-09,1860
"Potosi",2020-08-10,1941
"Potosi",2020-08-11,2232
"Potosi",2020-08-12,2352
"Potosi",2020-08-13,2608
"Potosi",2020-08-14,2843
"Potosi",2020-08-15,3037
"Potosi",2020-08-16,3153
"Potosi",2020-08-17,3291
"Potosi",2020-08-18,4152
"Potosi",2020-08-19,4420
"Potosi",2020-08-20,4538
"Potosi",2020-08-21,4636
"Potosi",2020-08-22,4736
"Potosi",2020-08-23,4771
"Potosi",2020-08-24,4832
"Potosi",2020-08-25,4944
"Potosi",2020-08-26,5138
"Potosi",2020-08-27,5252
"Potosi",2020-08-28,5417
"Potosi",2020-08-29,5472
"Potosi",2020-08-30,5472
"Potosi",2020-08-31,5539
"Potosi",2020-09-01,5655
"Potosi",2020-09-02,5760
"Potosi",2020-09-03,5861
"Potosi",2020-09-04,6039
"Potosi",2020-09-05,6107
"Potosi",2020-09-06,6215
"Potosi",2020-09-07,6389
"Potosi",2020-09-08,6561
"Potosi",2020-09-09,6744
"Potosi",2020-09-10,6933
"Potosi",2020-09-11,7166
"Potosi",2020-09-12,7255
"Potosi",2020-09-13,7294
"Potosi",2020-09-14,7387
"Potosi",2020-09-15,7469
"Potosi",2020-09-16,7519
"Potosi",2020-09-17,7540
"Potosi",2020-09-18,7653
"Potosi",2020-09-19,7666
"Potosi",2020-09-20,7682
"Potosi",2020-09-21,7736
"Potosi",2020-09-22,7790
"Potosi",2020-09-23,7925
"Potosi",2020-09-24,7988
"Potosi",2020-09-25,8055
"Potosi",2020-09-26,8137
"Potosi",2020-09-27,8148
"Potosi",2020-09-28,8188
"Potosi",2020-09-29,8228
"Potosi",2020-09-30,8298
"Potosi",2020-10-01,8322
"Potosi",2020-10-02,8389
"Potosi",2020-10-03,8464
"Potosi",2020-10-04,8519
"Potosi",2020-10-05,8544
"Potosi",2020-10-06,8600
"Potosi",2020-10-07,8641
"Potosi",2020-10-08,8676
"Potosi",2020-10-09,8715
"Potosi",2020-10-10,8745
"Potosi",2020-10-11,8760
"Potosi",2020-10-12,8779
"Potosi",2020-10-13,8820
"Potosi",2020-10-14,8854
"Potosi",2020-10-15,8869
"Potosi",2020-10-16,8892
"Potosi",2020-10-17,8905
"Potosi",2020-10-18,8908
"Potosi",2020-10-19,8928
"Potosi",2020-10-20,8947
"Potosi",2020-10-21,8958
"Potosi",2020-10-22,8977
"Potosi",2020-10-23,9002
"Potosi",2020-10-24,9023
"Potosi",2020-10-25,9025
"Potosi",2020-10-26,9045
"Potosi",2020-10-27,9066
"Potosi",2020-10-28,9076
"Potosi",2020-10-29,9086
"Potosi",2020-10-30,9092
"Potosi",2020-10-31,9105
"Potosi",2020-11-01,9105
"Potosi",2020-11-02,9112
"Potosi",2020-11-03,9124
"Potosi",2020-11-04,9134
"Potosi",2020-11-05,9142
"Potosi",2020-11-06,9157
"Potosi",2020-11-07,9163
"Potosi",2020-11-08,9167
"Potosi",2020-11-09,9174
"Potosi",2020-11-10,9178
"Potosi",2020-11-11,9198
"Potosi",2020-11-12,9220
"Potosi",2020-11-13,9242
"Potosi",2020-11-14,9259
"Potosi",2020-11-15,9259
"Potosi",2020-11-16,9272
"Potosi",2020-11-17,9274
"Potosi",2020-11-18,9296
"Potosi",2020-11-19,9339
"Potosi",2020-11-20,9342
"Potosi",2020-11-21,9347
"Potosi",2020-11-22,9360
"Potosi",2020-11-23,9361
"Potosi",2020-11-24,9376
"Potosi",2020-11-25,9399
"Potosi",2020-11-26,9413
"Potosi",2020-11-27,9425
"Potosi",2020-11-28,9426
"Potosi",2020-11-29,9430
"Potosi",2020-11-30,9435
"Potosi",2020-12-01,9437
"Potosi",2020-12-02,9470
"Potosi",2020-12-03,9482
"Potosi",2020-12-04,9493
"Potosi",2020-12-05,9521
"Potosi",2020-12-06,9527
"Potosi",2020-12-07,9541
"Potosi",2020-12-08,9568
"Potosi",2020-12-09,9585
"Potosi",2020-12-10,9602
"Potosi",2020-12-11,9606
"Potosi",2020-12-12,9632
"Potosi",2020-12-13,9641
"Potosi",2020-12-14,9648
"Potosi",2020-12-15,9652
"Potosi",2020-12-16,9678
"Potosi",2020-12-17,9690
"Potosi",2020-12-18,9705
"Potosi",2020-12-19,9723
"Potosi",2020-12-20,9723
"Potosi",2020-12-21,9728
"Potosi",2020-12-22,9737
"Potosi",2020-12-23,9748
"Potosi",2020-12-24,9768
"Potosi",2020-12-25,9801
"Potosi",2020-12-26,9821
"Potosi",2020-12-27,9821
"Potosi",2020-12-28,9828
"Potosi",2020-12-29,9851
"Tarija",2020-03-10,0
"Tarija",2020-03-11,0
"Tarija",2020-03-12,0
"Tarija",2020-03-13,0
"Tarija",2020-03-14,0
"Tarija",2020-03-15,0
"Tarija",2020-03-16,0
"Tarija",2020-03-17,0
"Tarija",2020-03-18,0
"Tarija",2020-03-19,0
"Tarija",2020-03-20,0
"Tarija",2020-03-21,0
"Tarija",2020-03-22,0
"Tarija",2020-03-23,0
"Tarija",2020-03-24,0
"Tarija",2020-03-25,0
"Tarija",2020-03-26,0
"Tarija",2020-03-27,0
"Tarija",2020-03-28,0
"Tarija",2020-03-29,0
"Tarija",2020-03-30,1
"Tarija",2020-03-31,1
"Tarija",2020-04-01,1
"Tarija",2020-04-02,1
"Tarija",2020-04-03,1
"Tarija",2020-04-04,1
"Tarija",2020-04-05,1
"Tarija",2020-04-06,1
"Tarija",2020-04-07,1
"Tarija",2020-04-08,1
"Tarija",2020-04-09,1
"Tarija",2020-04-10,1
"Tarija",2020-04-11,1
"Tarija",2020-04-12,2
"Tarija",2020-04-13,2
"Tarija",2020-04-14,2
"Tarija",2020-04-15,2
"Tarija",2020-04-16,2
"Tarija",2020-04-17,3
"Tarija",2020-04-18,3
"Tarija",2020-04-19,3
"Tarija",2020-04-20,3
"Tarija",2020-04-21,3
"Tarija",2020-04-22,3
"Tarija",2020-04-23,3
"Tarija",2020-04-24,3
"Tarija",2020-04-25,3
"Tarija",2020-04-26,3
"Tarija",2020-04-27,3
"Tarija",2020-04-28,3
"Tarija",2020-04-29,3
"Tarija",2020-04-30,3
"Tarija",2020-05-01,3
"Tarija",2020-05-02,3
"Tarija",2020-05-03,3
"Tarija",2020-05-04,4
"Tarija",2020-05-05,6
"Tarija",2020-05-06,6
"Tarija",2020-05-07,6
"Tarija",2020-05-08,9
"Tarija",2020-05-09,10
"Tarija",2020-05-10,10
"Tarija",2020-05-11,10
"Tarija",2020-05-12,13
"Tarija",2020-05-13,13
"Tarija",2020-05-14,13
"Tarija",2020-05-15,13
"Tarija",2020-05-16,13
"Tarija",2020-05-17,13
"Tarija",2020-05-18,13
"Tarija",2020-05-19,13
"Tarija",2020-05-20,14
"Tarija",2020-05-21,17
"Tarija",2020-05-22,18
"Tarija",2020-05-23,18
"Tarija",2020-05-24,18
"Tarija",2020-05-25,19
"Tarija",2020-05-26,19
"Tarija",2020-05-27,19
"Tarija",2020-05-28,22
"Tarija",2020-05-29,24
"Tarija",2020-05-30,32
"Tarija",2020-05-31,32
"Tarija",2020-06-01,37
"Tarija",2020-06-02,37
"Tarija",2020-06-03,40
"Tarija",2020-06-04,44
"Tarija",2020-06-05,49
"Tarija",2020-06-06,58
"Tarija",2020-06-07,58
"Tarija",2020-06-08,65
"Tarija",2020-06-09,68
"Tarija",2020-06-10,69
"Tarija",2020-06-11,77
"Tarija",2020-06-12,87
"Tarija",2020-06-13,112
"Tarija",2020-06-14,112
"Tarija",2020-06-15,123
"Tarija",2020-06-16,149
"Tarija",2020-06-17,175
"Tarija",2020-06-18,191
"Tarija",2020-06-19,206
"Tarija",2020-06-20,239
"Tarija",2020-06-21,246
"Tarija",2020-06-22,275
"Tarija",2020-06-23,299
"Tarija",2020-06-24,331
"Tarija",2020-06-25,393
"Tarija",2020-06-26,432
"Tarija",2020-06-27,514
"Tarija",2020-06-28,537
"Tarija",2020-06-29,596
"Tarija",2020-06-30,652
"Tarija",2020-07-01,709
"Tarija",2020-07-02,764
"Tarija",2020-07-03,830
"Tarija",2020-07-04,916
"Tarija",2020-07-05,971
"Tarija",2020-07-06,1039
"Tarija",2020-07-07,1069
"Tarija",2020-07-08,1214
"Tarija",2020-07-09,1284
"Tarija",2020-07-10,1454
"Tarija",2020-07-11,1502
"Tarija",2020-07-12,1502
"Tarija",2020-07-13,1534
"Tarija",2020-07-14,1661
"Tarija",2020-07-15,1744
"Tarija",2020-07-16,1874
"Tarija",2020-07-17,2029
"Tarija",2020-07-18,2348
"Tarija",2020-07-19,2484
"Tarija",2020-07-20,2562
"Tarija",2020-07-21,2584
"Tarija",2020-07-22,2589
"Tarija",2020-07-23,2595
"Tarija",2020-07-24,2646
"Tarija",2020-07-25,2826
"Tarija",2020-07-26,3051
"Tarija",2020-07-27,3195
"Tarija",2020-07-28,3388
"Tarija",2020-07-29,3549
"Tarija",2020-07-30,3780
"Tarija",2020-07-31,3930
"Tarija",2020-08-01,4046
"Tarija",2020-08-02,4276
"Tarija",2020-08-03,4401
"Tarija",2020-08-04,4508
"Tarija",2020-08-05,4588
"Tarija",2020-08-06,4612
"Tarija",2020-08-07,4629
"Tarija",2020-08-08,4630
"Tarija",2020-08-09,4630
"Tarija",2020-08-10,4780
"Tarija",2020-08-11,4943
"Tarija",2020-08-12,5141
"Tarija",2020-08-13,5336
"Tarija",2020-08-14,5540
"Tarija",2020-08-15,5596
"Tarija",2020-08-16,5648
"Tarija",2020-08-17,5752
"Tarija",2020-08-18,6013
"Tarija",2020-08-19,6318
"Tarija",2020-08-20,6508
"Tarija",2020-08-21,6785
"Tarija",2020-08-22,6906
"Tarija",2020-08-23,6940
"Tarija",2020-08-24,6983
"Tarija",2020-08-25,7067
"Tarija",2020-08-26,7164
"Tarija",2020-08-27,7312
"Tarija",2020-08-28,7511
"Tarija",2020-08-29,7742
"Tarija",2020-08-30,8016
"Tarija",2020-08-31,8136
"Tarija",2020-09-01,8270
"Tarija",2020-09-02,8387
"Tarija",2020-09-03,8633
"Tarija",2020-09-04,8757
"Tarija",2020-09-05,8881
"Tarija",2020-09-06,9003
"Tarija",2020-09-07,9241
"Tarija",2020-09-08,9388
"Tarija",2020-09-09,9517
"Tarija",2020-09-10,9624
"Tarija",2020-09-11,9846
"Tarija",2020-09-12,10088
"Tarija",2020-09-13,10372
"Tarija",2020-09-14,10567
"Tarija",2020-09-15,10786
"Tarija",2020-09-16,11028
"Tarija",2020-09-17,11268
"Tarija",2020-09-18,11548
"Tarija",2020-09-19,11742
"Tarija",2020-09-20,11807
"Tarija",2020-09-21,11935
"Tarija",2020-09-22,12147
"Tarija",2020-09-23,12314
"Tarija",2020-09-24,12632
"Tarija",2020-09-25,12866
"Tarija",2020-09-26,12993
"Tarija",2020-09-27,13149
"Tarija",2020-09-28,13309
"Tarija",2020-09-29,13571
"Tarija",2020-09-30,14037
"Tarija",2020-10-01,14264
"Tarija",2020-10-02,14482
"Tarija",2020-10-03,14635
"Tarija",2020-10-04,14773
"Tarija",2020-10-05,14908
"Tarija",2020-10-06,15085
"Tarija",2020-10-07,15131
"Tarija",2020-10-08,15209
"Tarija",2020-10-09,15236
"Tarija",2020-10-10,15330
"Tarija",2020-10-11,15380
"Tarija",2020-10-12,15412
"Tarija",2020-10-13,15470
"Tarija",2020-10-14,15519
"Tarija",2020-10-15,15564
"Tarija",2020-10-16,15640
"Tarija",2020-10-17,15690
"Tarija",2020-10-18,15690
"Tarija",2020-10-19,15714
"Tarija",2020-10-20,15749
"Tarija",2020-10-21,15788
"Tarija",2020-10-22,15861
"Tarija",2020-10-23,15898
"Tarija",2020-10-24,15948
"Tarija",2020-10-25,15967
"Tarija",2020-10-26,15985
"Tarija",2020-10-27,16034
"Tarija",2020-10-28,16085
"Tarija",2020-10-29,16123
"Tarija",2020-10-30,16160
"Tarija",2020-10-31,16220
"Tarija",2020-11-01,16233
"Tarija",2020-11-02,16233
"Tarija",2020-11-03,16249
"Tarija",2020-11-04,16274
"Tarija",2020-11-05,16300
"Tarija",2020-11-06,16327
"Tarija",2020-11-07,16363
"Tarija",2020-11-08,16363
"Tarija",2020-11-09,16386
"Tarija",2020-11-10,16417
"Tarija",2020-11-11,16443
"Tarija",2020-11-12,16455
"Tarija",2020-11-13,16470
"Tarija",2020-11-14,16492
"Tarija",2020-11-15,16492
"Tarija",2020-11-16,16499
"Tarija",2020-11-17,16518
"Tarija",2020-11-18,16529
"Tarija",2020-11-19,16546
"Tarija",2020-11-20,16558
"Tarija",2020-11-21,16575
"Tarija",2020-11-22,16575
"Tarija",2020-11-23,16585
"Tarija",2020-11-24,16597
"Tarija",2020-11-25,16609
"Tarija",2020-11-26,16615
"Tarija",2020-11-27,16618
"Tarija",2020-11-28,16652
"Tarija",2020-11-29,16652
"Tarija",2020-11-30,16658
"Tarija",2020-12-01,16667
"Tarija",2020-12-02,16677
"Tarija",2020-12-03,16689
"Tarija",2020-12-04,16695
"Tarija",2020-12-05,16713
"Tarija",2020-12-06,16713
"Tarija",2020-12-07,16717
"Tarija",2020-12-08,16726
"Tarija",2020-12-09,16732
"Tarija",2020-12-10,16746
"Tarija",2020-12-11,16758
"Tarija",2020-12-12,16768
"Tarija",2020-12-13,16770
"Tarija",2020-12-14,16772
"Tarija",2020-12-15,16790
"Tarija",2020-12-16,16808
"Tarija",2020-12-17,16820
"Tarija",2020-12-18,16835
"Tarija",2020-12-19,16858
"Tarija",2020-12-20,16858
"Tarija",2020-12-21,16870
"Tarija",2020-12-22,16892
"Tarija",2020-12-23,16922
"Tarija",2020-12-24,16974
"Tarija",2020-12-25,16974
"Tarija",2020-12-26,16999
"Tarija",2020-12-27,17000
"Tarija",2020-12-28,17012
"Tarija",2020-12-29,17061
"Santa Cruz",2020-03-10,0
"Santa Cruz",2020-03-11,1
"Santa Cruz",2020-03-12,1
"Santa Cruz",2020-03-13,1
"Santa Cruz",2020-03-14,1
"Santa Cruz",2020-03-15,2
"Santa Cruz",2020-03-16,2
"Santa Cruz",2020-03-17,3
"Santa Cruz",2020-03-18,3
"Santa Cruz",2020-03-19,4
"Santa Cruz",2020-03-20,7
"Santa Cruz",2020-03-21,8
"Santa Cruz",2020-03-22,14
"Santa Cruz",2020-03-23,15
"Santa Cruz",2020-03-24,18
"Santa Cruz",2020-03-25,23
"Santa Cruz",2020-03-26,33
"Santa Cruz",2020-03-27,41
"Santa Cruz",2020-03-28,43
"Santa Cruz",2020-03-29,51
"Santa Cruz",2020-03-30,58
"Santa Cruz",2020-03-31,63
"Santa Cruz",2020-04-01,67
"Santa Cruz",2020-04-02,69
"Santa Cruz",2020-04-03,73
"Santa Cruz",2020-04-04,88
"Santa Cruz",2020-04-05,96
"Santa Cruz",2020-04-06,99
"Santa Cruz",2020-04-07,102
"Santa Cruz",2020-04-08,126
"Santa Cruz",2020-04-09,129
"Santa Cruz",2020-04-10,133
"Santa Cruz",2020-04-11,146
"Santa Cruz",2020-04-12,162
"Santa Cruz",2020-04-13,176
"Santa Cruz",2020-04-14,189
"Santa Cruz",2020-04-15,214
"Santa Cruz",2020-04-16,217
"Santa Cruz",2020-04-17,236
"Santa Cruz",2020-04-18,254
"Santa Cruz",2020-04-19,289
"Santa Cruz",2020-04-20,316
"Santa Cruz",2020-04-21,323
"Santa Cruz",2020-04-22,370
"Santa Cruz",2020-04-23,384
"Santa Cruz",2020-04-24,445
"Santa Cruz",2020-04-25,488
"Santa Cruz",2020-04-26,524
"Santa Cruz",2020-04-27,552
"Santa Cruz",2020-04-28,586
"Santa Cruz",2020-04-29,614
"Santa Cruz",2020-04-30,655
"Santa Cruz",2020-05-01,692
"Santa Cruz",2020-05-02,805
"Santa Cruz",2020-05-03,903
"Santa Cruz",2020-05-04,978
"Santa Cruz",2020-05-05,1082
"Santa Cruz",2020-05-06,1159
"Santa Cruz",2020-05-07,1317
"Santa Cruz",2020-05-08,1386
"Santa Cruz",2020-05-09,1536
"Santa Cruz",2020-05-10,1632
"Santa Cruz",2020-05-11,1822
"Santa Cruz",2020-05-12,1924
"Santa Cruz",2020-05-13,2040
"Santa Cruz",2020-05-14,2162
"Santa Cruz",2020-05-15,2296
"Santa Cruz",2020-05-16,2517
"Santa Cruz",2020-05-17,2762
"Santa Cruz",2020-05-18,2893
"Santa Cruz",2020-05-19,2981
"Santa Cruz",2020-05-20,3240
"Santa Cruz",2020-05-21,3413
"Santa Cruz",2020-05-22,3664
"Santa Cruz",2020-05-23,3899
"Santa Cruz",2020-05-24,4198
"Santa Cruz",2020-05-25,4526
"Santa Cruz",2020-05-26,4887
"Santa Cruz",2020-05-27,5365
"Santa Cruz",2020-05-28,5773
"Santa Cruz",2020-05-29,5945
"Santa Cruz",2020-05-30,6541
"Santa Cruz",2020-05-31,6710
"Santa Cruz",2020-06-01,7017
"Santa Cruz",2020-06-02,7234
"Santa Cruz",2020-06-03,7636
"Santa Cruz",2020-06-04,7951
"Santa Cruz",2020-06-05,8143
"Santa Cruz",2020-06-06,8555
"Santa Cruz",2020-06-07,8675
"Santa Cruz",2020-06-08,8810
"Santa Cruz",2020-06-09,9223
"Santa Cruz",2020-06-10,9593
"Santa Cruz",2020-06-11,10126
"Santa Cruz",2020-06-12,10535
"Santa Cruz",2020-06-13,11153
"Santa Cruz",2020-06-14,11423
"Santa Cruz",2020-06-15,11740
"Santa Cruz",2020-06-16,12365
"Santa Cruz",2020-06-17,12724
"Santa Cruz",2020-06-18,12987
"Santa Cruz",2020-06-19,13538
"Santa Cruz",2020-06-20,14164
"Santa Cruz",2020-06-21,14498
"Santa Cruz",2020-06-22,15066
"Santa Cruz",2020-06-23,15441
"Santa Cruz",2020-06-24,15983
"Santa Cruz",2020-06-25,16554
"Santa Cruz",2020-06-26,16776
"Santa Cruz",2020-06-27,17454
"Santa Cruz",2020-06-28,17872
"Santa Cruz",2020-06-29,18210
"Santa Cruz",2020-06-30,18880
"Santa Cruz",2020-07-01,19256
"Santa Cruz",2020-07-02,19990
"Santa Cruz",2020-07-03,20557
"Santa Cruz",2020-07-04,21189
"Santa Cruz",2020-07-05,21751
"Santa Cruz",2020-07-06,21952
"Santa Cruz",2020-07-07,22397
"Santa Cruz",2020-07-08,22925
"Santa Cruz",2020-07-09,23410
"Santa Cruz",2020-07-10,24024
"Santa Cruz",2020-07-11,24624
"Santa Cruz",2020-07-12,24899
"Santa Cruz",2020-07-13,25259
"Santa Cruz",2020-07-14,26123
"Santa Cruz",2020-07-15,26670
"Santa Cruz",2020-07-16,27743
"Santa Cruz",2020-07-17,28988
"Santa Cruz",2020-07-18,29483
"Santa Cruz",2020-07-19,29753
"Santa Cruz",2020-07-20,30308
"Santa Cruz",2020-07-21,30886
"Santa Cruz",2020-07-22,31399
"Santa Cruz",2020-07-23,31655
"Santa Cruz",2020-07-24,31845
"Santa Cruz",2020-07-25,32137
"Santa Cruz",2020-07-26,32371
"Santa Cruz",2020-07-27,32652
"Santa Cruz",2020-07-28,33083
"Santa Cruz",2020-07-29,33549
"Santa Cruz",2020-07-30,33989
"Santa Cruz",2020-07-31,34408
"Santa Cruz",2020-08-01,34737
"Santa Cruz",2020-08-02,34971
"Santa Cruz",2020-08-03,35295
"Santa Cruz",2020-08-04,35758
"Santa Cruz",2020-08-05,36080
"Santa Cruz",2020-08-06,36458
"Santa Cruz",2020-08-07,36687
"Santa Cruz",2020-08-08,36923
"Santa Cruz",2020-08-09,37056
"Santa Cruz",2020-08-10,37391
"Santa Cruz",2020-08-11,37598
"Santa Cruz",2020-08-12,37830
"Santa Cruz",2020-08-13,38015
"Santa Cruz",2020-08-14,38186
"Santa Cruz",2020-08-15,38300
"Santa Cruz",2020-08-16,38415
"Santa Cruz",2020-08-17,38510
"Santa Cruz",2020-08-18,38579
"Santa Cruz",2020-08-19,38861
"Santa Cruz",2020-08-20,38968
"Santa Cruz",2020-08-21,39112
"Santa Cruz",2020-08-22,39285
"Santa Cruz",2020-08-23,39372
"Santa Cruz",2020-08-24,39436
"Santa Cruz",2020-08-25,39615
"Santa Cruz",2020-08-26,39877
"Santa Cruz",2020-08-27,40013
"Santa Cruz",2020-08-28,40175
"Santa Cruz",2020-08-29,40269
"Santa Cruz",2020-08-30,40292
"Santa Cruz",2020-08-31,40444
"Santa Cruz",2020-09-01,40637
"Santa Cruz",2020-09-02,40791
"Santa Cruz",2020-09-03,40884
"Santa Cruz",2020-09-04,41006
"Santa Cruz",2020-09-05,41084
"Santa Cruz",2020-09-06,41111
"Santa Cruz",2020-09-07,41196
"Santa Cruz",2020-09-08,41313
"Santa Cruz",2020-09-09,41429
"Santa Cruz",2020-09-10,41554
"Santa Cruz",2020-09-11,41652
"Santa Cruz",2020-09-12,41690
"Santa Cruz",2020-09-13,41758
"Santa Cruz",2020-09-14,41818
"Santa Cruz",2020-09-15,41922
"Santa Cruz",2020-09-16,41990
"Santa Cruz",2020-09-17,42063
"Santa Cruz",2020-09-18,42099
"Santa Cruz",2020-09-19,42152
"Santa Cruz",2020-09-20,42177
"Santa Cruz",2020-09-21,42225
"Santa Cruz",2020-09-22,42275
"Santa Cruz",2020-09-23,42335
"Santa Cruz",2020-09-24,42373
"Santa Cruz",2020-09-25,42507
"Santa Cruz",2020-09-26,42543
"Santa Cruz",2020-09-27,42587
"Santa Cruz",2020-09-28,42624
"Santa Cruz",2020-09-29,42683
"Santa Cruz",2020-09-30,42720
"Santa Cruz",2020-10-01,42745
"Santa Cruz",2020-10-02,42846
"Santa Cruz",2020-10-03,42883
"Santa Cruz",2020-10-04,42926
"Santa Cruz",2020-10-05,42952
"Santa Cruz",2020-10-06,43021
"Santa Cruz",2020-10-07,43074
"Santa Cruz",2020-10-08,43121
"Santa Cruz",2020-10-09,43191
"Santa Cruz",2020-10-10,43224
"Santa Cruz",2020-10-11,43235
"Santa Cruz",2020-10-12,43262
"Santa Cruz",2020-10-13,43305
"Santa Cruz",2020-10-14,43397
"Santa Cruz",2020-10-15,43440
"Santa Cruz",2020-10-16,43486
"Santa Cruz",2020-10-17,43500
"Santa Cruz",2020-10-18,43521
"Santa Cruz",2020-10-19,43557
"Santa Cruz",2020-10-20,43593
"Santa Cruz",2020-10-21,43654
"Santa Cruz",2020-10-22,43718
"Santa Cruz",2020-10-23,43762
"Santa Cruz",2020-10-24,43786
"Santa Cruz",2020-10-25,43789
"Santa Cruz",2020-10-26,43820
"Santa Cruz",2020-10-27,43868
"Santa Cruz",2020-10-28,43919
"Santa Cruz",2020-10-29,43957
"Santa Cruz",2020-10-30,43979
"Santa Cruz",2020-10-31,43993
"Santa Cruz",2020-11-01,44017
"Santa Cruz",2020-11-02,44025
"Santa Cruz",2020-11-03,44048
"Santa Cruz",2020-11-04,44094
"Santa Cruz",2020-11-05,44134
"Santa Cruz",2020-11-06,44184
"Santa Cruz",2020-11-07,44196
"Santa Cruz",2020-11-08,44202
"Santa Cruz",2020-11-09,44243
"Santa Cruz",2020-11-10,44274
"Santa Cruz",2020-11-11,44311
"Santa Cruz",2020-11-12,44346
"Santa Cruz",2020-11-13,44397
"Santa Cruz",2020-11-14,44409
"Santa Cruz",2020-11-15,44435
"Santa Cruz",2020-11-16,44477
"Santa Cruz",2020-11-17,44522
"Santa Cruz",2020-11-18,44550
"Santa Cruz",2020-11-19,44587
"Santa Cruz",2020-11-20,44629
"Santa Cruz",2020-11-21,44649
"Santa Cruz",2020-11-22,44653
"Santa Cruz",2020-11-23,44683
"Santa Cruz",2020-11-24,44738
"Santa Cruz",2020-11-25,44782
"Santa Cruz",2020-11-26,44822
"Santa Cruz",2020-11-27,44853
"Santa Cruz",2020-11-28,44869
"Santa Cruz",2020-11-29,44877
"Santa Cruz",2020-11-30,44922
"Santa Cruz",2020-12-01,44984
"Santa Cruz",2020-12-02,45075
"Santa Cruz",2020-12-03,45163
"Santa Cruz",2020-12-04,45214
"Santa Cruz",2020-12-05,45276
"Santa Cruz",2020-12-06,45296
"Santa Cruz",2020-12-07,45351
"Santa Cruz",2020-12-08,45447
"Santa Cruz",2020-12-09,45588
"Santa Cruz",2020-12-10,45749
"Santa Cruz",2020-12-11,45935
"Santa Cruz",2020-12-12,46153
"Santa Cruz",2020-12-13,46199
"Santa Cruz",2020-12-14,46355
"Santa Cruz",2020-12-15,46605
"Santa Cruz",2020-12-16,46875
"Santa Cruz",2020-12-17,47115
"Santa Cruz",2020-12-18,47389
"Santa Cruz",2020-12-19,47769
"Santa Cruz",2020-12-20,47802
"Santa Cruz",2020-12-21,48029
"Santa Cruz",2020-12-22,48437
"Santa Cruz",2020-12-23,48913
"Santa Cruz",2020-12-24,49387
"Santa Cruz",2020-12-25,49523
"Santa Cruz",2020-12-26,49926
"Santa Cruz",2020-12-27,50132
"Santa Cruz",2020-12-28,50615
"Santa Cruz",2020-12-29,51266
"Beni",2020-03-10,0
"Beni",2020-03-11,0
"Beni",2020-03-12,0
"Beni",2020-03-13,0
"Beni",2020-03-14,0
"Beni",2020-03-15,0
"Beni",2020-03-16,0
"Beni",2020-03-17,0
"Beni",2020-03-18,0
"Beni",2020-03-19,0
"Beni",2020-03-20,0
"Beni",2020-03-21,0
"Beni",2020-03-22,0
"Beni",2020-03-23,0
"Beni",2020-03-24,0
"Beni",2020-03-25,0
"Beni",2020-03-26,0
"Beni",2020-03-27,0
"Beni",2020-03-28,0
"Beni",2020-03-29,0
"Beni",2020-03-30,0
"Beni",2020-03-31,0
"Beni",2020-04-01,0
"Beni",2020-04-02,0
"Beni",2020-04-03,0
"Beni",2020-04-04,0
"Beni",2020-04-05,0
"Beni",2020-04-06,0
"Beni",2020-04-07,0
"Beni",2020-04-08,0
"Beni",2020-04-09,0
"Beni",2020-04-10,0
"Beni",2020-04-11,0
"Beni",2020-04-12,0
"Beni",2020-04-13,0
"Beni",2020-04-14,0
"Beni",2020-04-15,0
"Beni",2020-04-16,0
"Beni",2020-04-17,0
"Beni",2020-04-18,0
"Beni",2020-04-19,0
"Beni",2020-04-20,2
"Beni",2020-04-21,2
"Beni",2020-04-22,2
"Beni",2020-04-23,2
"Beni",2020-04-24,33
"Beni",2020-04-25,39
"Beni",2020-04-26,57
"Beni",2020-04-27,62
"Beni",2020-04-28,63
"Beni",2020-04-29,67
"Beni",2020-04-30,67
"Beni",2020-05-01,83
"Beni",2020-05-02,191
"Beni",2020-05-03,212
"Beni",2020-05-04,212
"Beni",2020-05-05,212
"Beni",2020-05-06,212
"Beni",2020-05-07,231
"Beni",2020-05-08,312
"Beni",2020-05-09,312
"Beni",2020-05-10,314
"Beni",2020-05-11,389
"Beni",2020-05-12,389
"Beni",2020-05-13,436
"Beni",2020-05-14,509
"Beni",2020-05-15,548
"Beni",2020-05-16,551
"Beni",2020-05-17,551
"Beni",2020-05-18,581
"Beni",2020-05-19,679
"Beni",2020-05-20,833
"Beni",2020-05-21,902
"Beni",2020-05-22,1015
"Beni",2020-05-23,1097
"Beni",2020-05-24,1097
"Beni",2020-05-25,1142
"Beni",2020-05-26,1242
"Beni",2020-05-27,1355
"Beni",2020-05-28,1506
"Beni",2020-05-29,1576
"Beni",2020-05-30,1707
"Beni",2020-05-31,1809
"Beni",2020-06-01,1885
"Beni",2020-06-02,1965
"Beni",2020-06-03,2101
"Beni",2020-06-04,2278
"Beni",2020-06-05,2428
"Beni",2020-06-06,2472
"Beni",2020-06-07,2511
"Beni",2020-06-08,2565
"Beni",2020-06-09,2692
"Beni",2020-06-10,2778
"Beni",2020-06-11,2809
"Beni",2020-06-12,2927
"Beni",2020-06-13,2944
"Beni",2020-06-14,2954
"Beni",2020-06-15,2962
"Beni",2020-06-16,2994
"Beni",2020-06-17,3128
"Beni",2020-06-18,3326
"Beni",2020-06-19,3473
"Beni",2020-06-20,3581
"Beni",2020-06-21,3613
"Beni",2020-06-22,3679
"Beni",2020-06-23,3785
"Beni",2020-06-24,3887
"Beni",2020-06-25,3920
"Beni",2020-06-26,3934
"Beni",2020-06-27,3975
"Beni",2020-06-28,4041
"Beni",2020-06-29,4075
"Beni",2020-06-30,4119
"Beni",2020-07-01,4173
"Beni",2020-07-02,4203
"Beni",2020-07-03,4265
"Beni",2020-07-04,4275
"Beni",2020-07-05,4275
"Beni",2020-07-06,4332
"Beni",2020-07-07,4435
"Beni",2020-07-08,4611
"Beni",2020-07-09,4695
"Beni",2020-07-10,4794
"Beni",2020-07-11,4811
"Beni",2020-07-12,4837
"Beni",2020-07-13,4861
"Beni",2020-07-14,4904
"Beni",2020-07-15,4957
"Beni",2020-07-16,5026
"Beni",2020-07-17,5040
"Beni",2020-07-18,5068
"Beni",2020-07-19,5092
"Beni",2020-07-20,5124
"Beni",2020-07-21,5163
"Beni",2020-07-22,5173
"Beni",2020-07-23,5193
"Beni",2020-07-24,5276
"Beni",2020-07-25,5289
"Beni",2020-07-26,5290
"Beni",2020-07-27,5295
"Beni",2020-07-28,5315
"Beni",2020-07-29,5325
"Beni",2020-07-30,5376
"Beni",2020-07-31,5441
"Beni",2020-08-01,5552
"Beni",2020-08-02,5619
"Beni",2020-08-03,5638
"Beni",2020-08-04,5669
"Beni",2020-08-05,5697
"Beni",2020-08-06,5729
"Beni",2020-08-07,5760
"Beni",2020-08-08,5777
"Beni",2020-08-09,5789
"Beni",2020-08-10,5836
"Beni",2020-08-11,5921
"Beni",2020-08-12,5930
"Beni",2020-08-13,5954
"Beni",2020-08-14,5954
"Beni",2020-08-15,5957
"Beni",2020-08-16,5957
"Beni",2020-08-17,5971
"Beni",2020-08-18,6022
"Beni",2020-08-19,6093
"Beni",2020-08-20,6156
"Beni",2020-08-21,6238
"Beni",2020-08-22,6322
"Beni",2020-08-23,6335
"Beni",2020-08-24,6342
"Beni",2020-08-25,6422
"Beni",2020-08-26,6449
"Beni",2020-08-27,6502
"Beni",2020-08-28,6565
"Beni",2020-08-29,6584
"Beni",2020-08-30,6592
"Beni",2020-08-31,6610
"Beni",2020-09-01,6639
"Beni",2020-09-02,6671
"Beni",2020-09-03,6753
"Beni",2020-09-04,6771
"Beni",2020-09-05,6785
"Beni",2020-09-06,6792
"Beni",2020-09-07,6821
"Beni",2020-09-08,6846
"Beni",2020-09-09,6873
"Beni",2020-09-10,6913
"Beni",2020-09-11,6933
"Beni",2020-09-12,6937
"Beni",2020-09-13,6954
"Beni",2020-09-14,6968
"Beni",2020-09-15,6969
"Beni",2020-09-16,6983
"Beni",2020-09-17,7007
"Beni",2020-09-18,7017
"Beni",2020-09-19,7022
"Beni",2020-09-20,7023
"Beni",2020-09-21,7026
"Beni",2020-09-22,7049
"Beni",2020-09-23,7089
"Beni",2020-09-24,7109
"Beni",2020-09-25,7124
"Beni",2020-09-26,7129
"Beni",2020-09-27,7129
"Beni",2020-09-28,7129
"Beni",2020-09-29,7129
"Beni",2020-09-30,7136
"Beni",2020-10-01,7168
"Beni",2020-10-02,7184
"Beni",2020-10-03,7194
"Beni",2020-10-04,7194
"Beni",2020-10-05,7197
"Beni",2020-10-06,7197
"Beni",2020-10-07,7197
"Beni",2020-10-08,7202
"Beni",2020-10-09,7215
"Beni",2020-10-10,7233
"Beni",2020-10-11,7240
"Beni",2020-10-12,7242
"Beni",2020-10-13,7246
"Beni",2020-10-14,7246
"Beni",2020-10-15,7248
"Beni",2020-10-16,7265
"Beni",2020-10-17,7267
"Beni",2020-10-18,7267
"Beni",2020-10-19,7268
"Beni",2020-10-20,7276
"Beni",2020-10-21,7280
"Beni",2020-10-22,7284
"Beni",2020-10-23,7285
"Beni",2020-10-24,7288
"Beni",2020-10-25,7288
"Beni",2020-10-26,7288
"Beni",2020-10-27,7288
"Beni",2020-10-28,7289
"Beni",2020-10-29,7289
"Beni",2020-10-30,7289
"Beni",2020-10-31,7289
"Beni",2020-11-01,7289
"Beni",2020-11-02,7289
"Beni",2020-11-03,7295
"Beni",2020-11-04,7300
"Beni",2020-11-05,7305
"Beni",2020-11-06,7311
"Beni",2020-11-07,7311
"Beni",2020-11-08,7311
"Beni",2020-11-09,7314
"Beni",2020-11-10,7314
"Beni",2020-11-11,7317
"Beni",2020-11-12,7317
"Beni",2020-11-13,7318
"Beni",2020-11-14,7318
"Beni",2020-11-15,7318
"Beni",2020-11-16,7318
"Beni",2020-11-17,7324
"Beni",2020-11-18,7330
"Beni",2020-11-19,7331
"Beni",2020-11-20,7331
"Beni",2020-11-21,7331
"Beni",2020-11-22,7331
"Beni",2020-11-23,7331
"Beni",2020-11-24,7332
"Beni",2020-11-25,7339
"Beni",2020-11-26,7339
"Beni",2020-11-27,7340
"Beni",2020-11-28,7340
"Beni",2020-11-29,7340
"Beni",2020-11-30,7342
"Beni",2020-12-01,7342
"Beni",2020-12-02,7344
"Beni",2020-12-03,7345
"Beni",2020-12-04,7348
"Beni",2020-12-05,7350
"Beni",2020-12-06,7350
"Beni",2020-12-07,7350
"Beni",2020-12-08,7352
"Beni",2020-12-09,7353
"Beni",2020-12-10,7354
"Beni",2020-12-11,7354
"Beni",2020-12-12,7356
"Beni",2020-12-13,7356
"Beni",2020-12-14,7358
"Beni",2020-12-15,7360
"Beni",2020-12-16,7364
"Beni",2020-12-17,7368
"Beni",2020-12-18,7371
"Beni",2020-12-19,7373
"Beni",2020-12-20,7373
"Beni",2020-12-21,7373
"Beni",2020-12-22,7383
"Beni",2020-12-23,7401
"Beni",2020-12-24,7409
"Beni",2020-12-25,7409
"Beni",2020-12-26,7409
"Beni",2020-12-27,7409
"Beni",2020-12-28,7454
"Beni",2020-12-29,7472
"Pando",2020-03-10,0
"Pando",2020-03-11,0
"Pando",2020-03-12,0
"Pando",2020-03-13,0
"Pando",2020-03-14,0
"Pando",2020-03-15,0
"Pando",2020-03-16,0
"Pando",2020-03-17,0
"Pando",2020-03-18,0
"Pando",2020-03-19,0
"Pando",2020-03-20,0
"Pando",2020-03-21,0
"Pando",2020-03-22,0
"Pando",2020-03-23,0
"Pando",2020-03-24,0
"Pando",2020-03-25,0
"Pando",2020-03-26,0
"Pando",2020-03-27,0
"Pando",2020-03-28,1
"Pando",2020-03-29,1
"Pando",2020-03-30,1
"Pando",2020-03-31,1
"Pando",2020-04-01,4
"Pando",2020-04-02,6
"Pando",2020-04-03,6
"Pando",2020-04-04,6
"Pando",2020-04-05,6
"Pando",2020-04-06,6
"Pando",2020-04-07,10
"Pando",2020-04-08,10
"Pando",2020-04-09,10
"Pando",2020-04-10,10
"Pando",2020-04-11,11
"Pando",2020-04-12,11
"Pando",2020-04-13,11
"Pando",2020-04-14,11
"Pando",2020-04-15,11
"Pando",2020-04-16,11
"Pando",2020-04-17,12
"Pando",2020-04-18,12
"Pando",2020-04-19,12
"Pando",2020-04-20,12
"Pando",2020-04-21,12
"Pando",2020-04-22,12
"Pando",2020-04-23,12
"Pando",2020-04-24,12
"Pando",2020-04-25,12
"Pando",2020-04-26,12
"Pando",2020-04-27,12
"Pando",2020-04-28,12
"Pando",2020-04-29,12
"Pando",2020-04-30,12
"Pando",2020-05-01,12
"Pando",2020-05-02,12
"Pando",2020-05-03,12
"Pando",2020-05-04,12
"Pando",2020-05-05,12
"Pando",2020-05-06,12
"Pando",2020-05-07,12
"Pando",2020-05-08,12
"Pando",2020-05-09,12
"Pando",2020-05-10,12
"Pando",2020-05-11,12
"Pando",2020-05-12,12
"Pando",2020-05-13,12
"Pando",2020-05-14,12
"Pando",2020-05-15,12
"Pando",2020-05-16,12
"Pando",2020-05-17,12
"Pando",2020-05-18,12
"Pando",2020-05-19,12
"Pando",2020-05-20,12
"Pando",2020-05-21,12
"Pando",2020-05-22,12
"Pando",2020-05-23,12
"Pando",2020-05-24,13
"Pando",2020-05-25,13
"Pando",2020-05-26,13
"Pando",2020-05-27,13
"Pando",2020-05-28,13
"Pando",2020-05-29,14
"Pando",2020-05-30,14
"Pando",2020-05-31,14
"Pando",2020-06-01,14
"Pando",2020-06-02,14
"Pando",2020-06-03,23
"Pando",2020-06-04,23
"Pando",2020-06-05,23
"Pando",2020-06-06,47
"Pando",2020-06-07,65
"Pando",2020-06-08,65
"Pando",2020-06-09,94
"Pando",2020-06-10,130
"Pando",2020-06-11,175
"Pando",2020-06-12,238
"Pando",2020-06-13,267
"Pando",2020-06-14,286
"Pando",2020-06-15,307
"Pando",2020-06-16,315
"Pando",2020-06-17,386
"Pando",2020-06-18,409
"Pando",2020-06-19,425
"Pando",2020-06-20,476
"Pando",2020-06-21,482
"Pando",2020-06-22,496
"Pando",2020-06-23,505
"Pando",2020-06-24,507
"Pando",2020-06-25,513
"Pando",2020-06-26,562
"Pando",2020-06-27,567
"Pando",2020-06-28,567
"Pando",2020-06-29,568
"Pando",2020-06-30,568
"Pando",2020-07-01,636
"Pando",2020-07-02,713
"Pando",2020-07-03,717
"Pando",2020-07-04,808
"Pando",2020-07-05,934
"Pando",2020-07-06,1006
"Pando",2020-07-07,1026
"Pando",2020-07-08,1026
"Pando",2020-07-09,1026
"Pando",2020-07-10,1026
"Pando",2020-07-11,1026
"Pando",2020-07-12,1045
"Pando",2020-07-13,1045
"Pando",2020-07-14,1045
"Pando",2020-07-15,1045
"Pando",2020-07-16,1045
"Pando",2020-07-17,1057
"Pando",2020-07-18,1178
"Pando",2020-07-19,1204
"Pando",2020-07-20,1212
"Pando",2020-07-21,1213
"Pando",2020-07-22,1300
"Pando",2020-07-23,1311
"Pando",2020-07-24,1362
"Pando",2020-07-25,1365
"Pando",2020-07-26,1367
"Pando",2020-07-27,1373
"Pando",2020-07-28,1375
"Pando",2020-07-29,1398
"Pando",2020-07-30,1407
"Pando",2020-07-31,1419
"Pando",2020-08-01,1428
"Pando",2020-08-02,1428
"Pando",2020-08-03,1431
"Pando",2020-08-04,1459
"Pando",2020-08-05,1495
"Pando",2020-08-06,1517
"Pando",2020-08-07,1549
"Pando",2020-08-08,1587
"Pando",2020-08-09,1622
"Pando",2020-08-10,1656
"Pando",2020-08-11,1710
"Pando",2020-08-12,1766
"Pando",2020-08-13,1804
"Pando",2020-08-14,1852
"Pando",2020-08-15,1910
"Pando",2020-08-16,1959
"Pando",2020-08-17,1968
"Pando",2020-08-18,2021
"Pando",2020-08-19,2074
"Pando",2020-08-20,2129
"Pando",2020-08-21,2208
"Pando",2020-08-22,2230
"Pando",2020-08-23,2232
"Pando",2020-08-24,2241
"Pando",2020-08-25,2263
"Pando",2020-08-26,2283
"Pando",2020-08-27,2297
"Pando",2020-08-28,2308
"Pando",2020-08-29,2315
"Pando",2020-08-30,2317
"Pando",2020-08-31,2320
"Pando",2020-09-01,2332
"Pando",2020-09-02,2335
"Pando",2020-09-03,2340
"Pando",2020-09-04,2347
"Pando",2020-09-05,2350
"Pando",2020-09-06,2353
"Pando",2020-09-07,2355
"Pando",2020-09-08,2357
"Pando",2020-09-09,2358
"Pando",2020-09-10,2358
"Pando",2020-09-11,2358
"Pando",2020-09-12,2358
"Pando",2020-09-13,2358
"Pando",2020-09-14,2358
"Pando",2020-09-15,2358
"Pando",2020-09-16,2360
"Pando",2020-09-17,2360
"Pando",2020-09-18,2361
"Pando",2020-09-19,2361
"Pando",2020-09-20,2361
"Pando",2020-09-21,2361
"Pando",2020-09-22,2362
"Pando",2020-09-23,2362
"Pando",2020-09-24,2363
"Pando",2020-09-25,2363
"Pando",2020-09-26,2363
"Pando",2020-09-27,2364
"Pando",2020-09-28,2365
"Pando",2020-09-29,2366
"Pando",2020-09-30,2367
"Pando",2020-10-01,2368
"Pando",2020-10-02,2368
"Pando",2020-10-03,2368
"Pando",2020-10-04,2368
"Pando",2020-10-05,2368
"Pando",2020-10-06,2369
"Pando",2020-10-07,2369
"Pando",2020-10-08,2369
"Pando",2020-10-09,2369
"Pando",2020-10-10,2369
"Pando",2020-10-11,2369
"Pando",2020-10-12,2369
"Pando",2020-10-13,2369
"Pando",2020-10-14,2371
"Pando",2020-10-15,2371
"Pando",2020-10-16,2371
"Pando",2020-10-17,2371
"Pando",2020-10-18,2371
"Pando",2020-10-19,2371
"Pando",2020-10-20,2373
"Pando",2020-10-21,2373
"Pando",2020-10-22,2373
"Pando",2020-10-23,2373
"Pando",2020-10-24,2373
"Pando",2020-10-25,2374
"Pando",2020-10-26,2374
"Pando",2020-10-27,2374
"Pando",2020-10-28,2374
"Pando",2020-10-29,2375
"Pando",2020-10-30,2376
"Pando",2020-10-31,2376
"Pando",2020-11-01,2376
"Pando",2020-11-02,2376
"Pando",2020-11-03,2377
"Pando",2020-11-04,2378
"Pando",2020-11-05,2378
"Pando",2020-11-06,2381
"Pando",2020-11-07,2384
"Pando",2020-11-08,2384
"Pando",2020-11-09,2384
"Pando",2020-11-10,2384
"Pando",2020-11-11,2385
"Pando",2020-11-12,2385
"Pando",2020-11-13,2389
"Pando",2020-11-14,2392
"Pando",2020-11-15,2392
"Pando",2020-11-16,2392
"Pando",2020-11-17,2393
"Pando",2020-11-18,2393
"Pando",2020-11-19,2394
"Pando",2020-11-20,2394
"Pando",2020-11-21,2394
"Pando",2020-11-22,2394
"Pando",2020-11-23,2394
"Pando",2020-11-24,2395
"Pando",2020-11-25,2396
"Pando",2020-11-26,2400
"Pando",2020-11-27,2401
"Pando",2020-11-28,2402
"Pando",2020-11-29,2402
"Pando",2020-11-30,2403
"Pando",2020-12-01,2404
"Pando",2020-12-02,2405
"Pando",2020-12-03,2405
"Pando",2020-12-04,2407
"Pando",2020-12-05,2413
"Pando",2020-12-06,2413
"Pando",2020-12-07,2413
"Pando",2020-12-08,2413
"Pando",2020-12-09,2416
"Pando",2020-12-10,2421
"Pando",2020-12-11,2428
"Pando",2020-12-12,2434
"Pando",2020-12-13,2435
"Pando",2020-12-14,2436
"Pando",2020-12-15,2438
"Pando",2020-12-16,2443
"Pando",2020-12-17,2455
"Pando",2020-12-18,2460
"Pando",2020-12-19,2469
"Pando",2020-12-20,2480
"Pando",2020-12-21,2481
"Pando",2020-12-22,2490
"Pando",2020-12-23,2501
"Pando",2020-12-24,2512
"Pando",2020-12-25,2531
"Pando",2020-12-26,2534
"Pando",2020-12-27,2542
"Pando",2020-12-28,2544
"Pando",2020-12-29,2563
